time,index,edit,side,length=100,num_sides=1,runTime=50
0.0078520113,77,BIND_NS,1
0.0117633906,54,BIND_NS,1
0.0130611460,93,BIND_NS,1
0.0208764756,89,BIND_NS,1
0.0480578886,88,BIND_NS,1
0.0514750834,9,BIND_NS,1
0.0552986680,26,BIND_NS,1
0.0817748630,13,BIND_NS,1
0.0978505038,37,BIND_NS,1
0.1113019994,50,BIND_NS,1
0.1126974173,37,SLIDE_LEFT,1
0.1166019068,54,SLIDE_LEFT,1
0.1190286252,77,SLIDE_LEFT,1
0.1394171122,89,SLIDE_RIGHT,1
0.1398994555,52,BIND_NS,1
0.1462173274,88,SLIDE_LEFT,1
0.1699167373,97,BIND_NS,1
0.2168520584,28,BIND_NS,1
0.2361939912,41,BIND_NS,1
0.2472256423,31,BIND_NS,1
0.2769837460,56,BIND_NS,1
0.3087413988,26,SLIDE_LEFT,1
0.3158278309,70,BIND_NS,1
0.3161929611,28,SLIDE_LEFT,1
0.3165447886,70,SLIDE_RIGHT,1
0.3187250127,32,BIND_NS,1
0.3227548539,97,SLIDE_RIGHT,1
0.3254730712,86,BIND_NS,1
0.3336425545,19,BIND_NS,1
0.3477604815,7,BIND_NS,1
0.3601838941,16,BIND_NS,1
0.3682843552,49,BIND_NS,1
0.3779910721,32,SLIDE_RIGHT,1
0.4017617830,10,BIND_NS,1
0.4039728126,12,BIND_NS,1
0.4151921919,71,SLIDE_RIGHT,1
0.4274926991,96,BIND_NS,1
0.4324137045,76,SLIDE_RIGHT,1
0.4338332638,56,SLIDE_LEFT,1
0.4369837833,77,SLIDE_LEFT,1
0.4526435296,10,SLIDE_RIGHT,1
0.4659357637,53,SLIDE_RIGHT,1
0.4849205715,96,SLIDE_RIGHT,1
0.4981946483,43,BIND_NS,1
0.5096584910,93,SLIDE_RIGHT,1
0.5165220092,78,BIND_NS,1
0.5208386758,9,UNBIND_NS,1
0.5209025182,55,SLIDE_RIGHT,1
0.5294712566,31,SLIDE_RIGHT,1
0.5404255034,39,BIND_NS,1
0.5502000347,16,SLIDE_LEFT,1
0.5550276369,36,SLIDE_LEFT,1
0.5749085001,97,SLIDE_LEFT,1
0.5811454077,98,SLIDE_LEFT,1
0.5917574335,39,SLIDE_LEFT,1
0.5998079901,78,SLIDE_RIGHT,1
0.6098702376,97,UNBIND_NS,1
0.6164774122,12,UNBIND_NS,1
0.6287987965,56,SLIDE_LEFT,1
0.6288560965,18,BIND_NS,1
0.6294887864,4,BIND_NS,1
0.6315451832,19,SLIDE_RIGHT,1
0.6335974281,17,BIND_NS,1
0.6577420757,35,SLIDE_LEFT,1
0.6601797048,94,SLIDE_RIGHT,1
0.6646856432,25,SLIDE_LEFT,1
0.6809371357,13,SLIDE_RIGHT,1
0.6823185539,82,BIND_NS,1
0.7164291750,7,SLIDE_RIGHT,1
0.7191398925,17,SLIDE_LEFT,1
0.7261481549,87,SLIDE_RIGHT,1
0.7309633581,18,SLIDE_LEFT,1
0.7318166234,68,BIND_NS,1
0.7322609666,95,SLIDE_LEFT,1
0.7339357458,49,SLIDE_LEFT,1
0.7420163991,90,SLIDE_LEFT,1
0.7437329853,6,BIND_NS,1
0.7565962050,88,UNBIND_NS,1
0.7581211629,60,BIND_NS,1
0.7585620483,94,SLIDE_RIGHT,1
0.7641171573,41,SLIDE_LEFT,1
0.7661004979,86,SLIDE_LEFT,1
0.7668341210,79,SLIDE_RIGHT,1
0.7733183380,36,BIND_NS,1
0.7891706852,43,SLIDE_RIGHT,1
0.7929653593,55,SLIDE_RIGHT,1
0.8032731776,24,SLIDE_LEFT,1
0.8315838628,48,SLIDE_LEFT,1
0.8401263392,40,SLIDE_LEFT,1
0.8470126700,66,BIND_NS,1
0.8523180926,16,UNBIND_NS,1
0.8627274210,44,SLIDE_RIGHT,1
0.8671575609,6,SLIDE_RIGHT,1
0.8714660780,36,SLIDE_RIGHT,1
0.8892580637,66,UNBIND_NS,1
0.8961827192,20,SLIDE_RIGHT,1
0.9134205782,72,SLIDE_LEFT,1
0.9140854652,45,SLIDE_RIGHT,1
0.9439172619,51,BIND_NS,1
0.9453440133,8,SLIDE_RIGHT,1
0.9494445309,82,SLIDE_LEFT,1
0.9511392512,35,BIND_NS,1
0.9553360220,84,BIND_NS,1
0.9644711963,71,SLIDE_RIGHT,1
0.9722869543,9,SLIDE_RIGHT,1
0.9757901132,95,UNBIND_NS,1
0.9827557710,84,UNBIND_NS,1
0.9837573238,32,SLIDE_LEFT,1
0.9838882481,89,SLIDE_RIGHT,1
1.0072251091,55,BIND_NS,1
1.0092980202,35,SLIDE_RIGHT,1
1.0122767820,55,UNBIND_NS,1
1.0137628851,71,BIND_NS,1
1.0167277330,68,SLIDE_RIGHT,1
1.0172041150,69,SLIDE_RIGHT,1
1.0300640116,23,SLIDE_RIGHT,1
1.0342261785,7,SLIDE_LEFT,1
1.0342964876,96,SLIDE_LEFT,1
1.0401841675,54,SLIDE_LEFT,1
1.0407769546,70,SLIDE_LEFT,1
1.0445498892,17,UNBIND_NS,1
1.0534001787,72,SLIDE_RIGHT,1
1.0540445704,56,UNBIND_NS,1
1.0674141359,21,SLIDE_LEFT,1
1.0691645021,31,UNBIND_NS,1
1.0736477265,69,UNBIND_NS,1
1.0849712073,85,SLIDE_RIGHT,1
1.0913951016,16,BIND_NS,1
1.0964061835,6,SLIDE_LEFT,1
1.0966887035,18,BIND_NS,1
1.0974570782,50,SLIDE_LEFT,1
1.0988774701,50,BIND_NS,1
1.1121305841,86,UNBIND_NS,1
1.1304871945,39,UNBIND_NS,1
1.1368626400,17,BIND_NS,1
1.1425420241,49,UNBIND_NS,1
1.1431122001,5,SLIDE_RIGHT,1
1.1449188160,27,SLIDE_LEFT,1
1.1499012261,59,BIND_NS,1
1.1517614516,38,UNBIND_NS,1
1.1718270075,59,SLIDE_LEFT,1
1.1783329705,95,UNBIND_NS,1
1.1786792631,33,SLIDE_LEFT,1
1.1881131438,50,UNBIND_NS,1
1.1883064542,67,BIND_NS,1
1.1896920383,32,SLIDE_RIGHT,1
1.1908990816,71,SLIDE_LEFT,1
1.1942461061,14,SLIDE_LEFT,1
1.1985240413,94,BIND_NS,1
1.1999909067,76,UNBIND_NS,1
1.2033258606,67,SLIDE_RIGHT,1
1.2122463889,59,BIND_NS,1
1.2175580642,73,SLIDE_RIGHT,1
1.2294847973,81,SLIDE_RIGHT,1
1.2380822714,20,UNBIND_NS,1
1.2396972527,80,SLIDE_LEFT,1
1.2463192102,70,SLIDE_RIGHT,1
1.2503126478,74,UNBIND_NS,1
1.2582813100,25,BIND_NS,1
1.2676224366,46,SLIDE_LEFT,1
1.2678103693,34,SLIDE_RIGHT,1
1.2743551588,24,SLIDE_LEFT,1
1.2753801231,26,SLIDE_RIGHT,1
1.2765500222,94,UNBIND_NS,1
1.2914488060,44,BIND_NS,1
1.3108403779,16,UNBIND_NS,1
1.3128101782,68,SLIDE_LEFT,1
1.3317709921,15,SLIDE_LEFT,1
1.3343836535,6,SLIDE_LEFT,1
1.3489438128,10,SLIDE_LEFT,1
1.3533772091,9,SLIDE_LEFT,1
1.3618490509,35,UNBIND_NS,1
1.3667230994,2,BIND_NS,1
1.3705279143,82,SLIDE_RIGHT,1
1.3812628109,69,BIND_NS,1
1.3871744104,90,UNBIND_NS,1
1.3986666156,53,SLIDE_RIGHT,1
1.4159656119,8,SLIDE_RIGHT,1
1.4170286768,22,BIND_NS,1
1.4241425673,23,SLIDE_RIGHT,1
1.4242374024,73,BIND_NS,1
1.4249862213,24,UNBIND_NS,1
1.4326397962,58,SLIDE_LEFT,1
1.4345494140,11,SLIDE_LEFT,1
1.4401680107,5,SLIDE_RIGHT,1
1.4505124506,69,UNBIND_NS,1
1.4536494754,27,SLIDE_LEFT,1
1.4565925298,4,UNBIND_NS,1
1.4627793344,13,UNBIND_NS,1
1.4716456261,17,SLIDE_LEFT,1
1.4719027031,92,BIND_NS,1
1.4726565089,36,UNBIND_NS,1
1.4737956798,16,UNBIND_NS,1
1.4745952278,33,SLIDE_LEFT,1
1.4795381781,47,UNBIND_NS,1
1.4857284681,27,BIND_NS,1
1.4857681565,92,SLIDE_RIGHT,1
1.4879047921,6,SLIDE_RIGHT,1
1.4977944704,73,UNBIND_NS,1
1.5024080219,14,SLIDE_LEFT,1
1.5096373830,2,SLIDE_RIGHT,1
1.5250078610,32,SLIDE_RIGHT,1
1.5290432349,25,UNBIND_NS,1
1.5293236301,7,SLIDE_LEFT,1
1.5547707595,51,UNBIND_NS,1
1.5579167356,54,SLIDE_RIGHT,1
1.5603033753,57,SLIDE_RIGHT,1
1.5663462426,94,BIND_NS,1
1.5668981378,22,SLIDE_RIGHT,1
1.5725957083,6,UNBIND_NS,1
1.6004218808,68,BIND_NS,1
1.6093855829,83,SLIDE_LEFT,1
1.6099887107,18,SLIDE_LEFT,1
1.6107361743,21,BIND_NS,1
1.6342450967,44,UNBIND_NS,1
1.6360029516,13,SLIDE_RIGHT,1
1.6385717737,3,UNBIND_NS,1
1.6489727839,20,BIND_NS,1
1.6492057757,67,SLIDE_LEFT,1
1.6614579042,57,BIND_NS,1
1.6978355384,82,UNBIND_NS,1
1.7058778370,55,SLIDE_LEFT,1
1.7161146210,21,SLIDE_RIGHT,1
1.7288986402,60,UNBIND_NS,1
1.7322066516,17,UNBIND_NS,1
1.7600302136,84,BIND_NS,1
1.7615805577,46,BIND_NS,1
1.7714683013,14,SLIDE_RIGHT,1
1.7809756035,61,BIND_NS,1
1.7931887408,94,SLIDE_RIGHT,1
1.7989382061,46,SLIDE_RIGHT,1
1.8042685147,79,SLIDE_LEFT,1
1.8081071494,84,UNBIND_NS,1
1.8091720556,95,SLIDE_RIGHT,1
1.8177502703,59,SLIDE_RIGHT,1
1.8241982277,15,UNBIND_NS,1
1.8575409006,96,SLIDE_RIGHT,1
1.8625711982,60,SLIDE_LEFT,1
1.8783933731,20,SLIDE_RIGHT,1
1.8888253518,51,BIND_NS,1
1.8898639412,45,SLIDE_RIGHT,1
1.8904591035,68,SLIDE_LEFT,1
1.8939382234,21,SLIDE_LEFT,1
1.8959276206,61,SLIDE_RIGHT,1
1.9067966104,94,BIND_NS,1
1.9100587267,98,BIND_NS,1
1.9119527517,97,SLIDE_LEFT,1
1.9249212211,47,SLIDE_RIGHT,1
1.9293784173,62,UNBIND_NS,1
1.9362253246,59,SLIDE_RIGHT,1
1.9365929064,46,SLIDE_RIGHT,1
1.9382259450,33,SLIDE_RIGHT,1
1.9389879646,60,SLIDE_LEFT,1
1.9407335937,96,SLIDE_LEFT,1
1.9477137266,53,BIND_NS,1
1.9604092742,78,SLIDE_RIGHT,1
1.9633961246,27,SLIDE_RIGHT,1
1.9907774122,28,SLIDE_RIGHT,1
1.9915814671,71,SLIDE_RIGHT,1
1.9994502056,26,UNBIND_NS,1
2.0010498966,29,SLIDE_RIGHT,1
2.0106058368,74,BIND_NS,1
2.0186261814,30,UNBIND_NS,1
2.0364255270,10,SLIDE_RIGHT,1
2.0413261596,11,SLIDE_LEFT,1
2.0415541479,54,SLIDE_RIGHT,1
2.0416968050,15,BIND_NS,1
2.0467206057,98,UNBIND_NS,1
2.0488760120,33,BIND_NS,1
2.0526423915,74,SLIDE_RIGHT,1
2.0526834327,15,SLIDE_RIGHT,1
2.0542506937,75,SLIDE_LEFT,1
2.0665100919,6,BIND_NS,1
2.0879877272,16,SLIDE_LEFT,1
2.0915296193,94,UNBIND_NS,1
2.0921700645,66,SLIDE_LEFT,1
2.1003243368,93,UNBIND_NS,1
2.1102280869,57,SLIDE_LEFT,1
2.1127960181,34,SLIDE_RIGHT,1
2.1219447650,17,BIND_NS,1
2.1314184942,22,UNBIND_NS,1
2.1318755975,59,SLIDE_RIGHT,1
2.1344865439,67,SLIDE_RIGHT,1
2.1397587564,69,BIND_NS,1
2.1424458917,72,SLIDE_RIGHT,1
2.1505570994,55,UNBIND_NS,1
2.1570073677,33,SLIDE_LEFT,1
2.1697839258,48,UNBIND_NS,1
2.1729777606,74,SLIDE_RIGHT,1
2.1742895432,90,BIND_NS,1
2.1782257684,17,SLIDE_RIGHT,1
2.1787018294,65,SLIDE_LEFT,1
2.1815298162,23,SLIDE_LEFT,1
2.2132026726,60,SLIDE_RIGHT,1
2.2163870948,6,SLIDE_RIGHT,1
2.2181737519,91,BIND_NS,1
2.2195470299,73,UNBIND_NS,1
2.2195634984,51,SLIDE_LEFT,1
2.2204201986,68,SLIDE_LEFT,1
2.2207577871,95,UNBIND_NS,1
2.2207596420,75,SLIDE_RIGHT,1
2.2228212590,35,UNBIND_NS,1
2.2237424842,69,SLIDE_RIGHT,1
2.2331000374,8,BIND_NS,1
2.2341543850,50,SLIDE_LEFT,1
2.2462733393,67,UNBIND_NS,1
2.2467289573,64,UNBIND_NS,1
2.2469206006,20,SLIDE_RIGHT,1
2.2516451443,78,BIND_NS,1
2.2550742143,78,SLIDE_LEFT,1
2.2665350580,37,SLIDE_LEFT,1
2.2940772581,21,SLIDE_LEFT,1
2.3049050630,36,SLIDE_RIGHT,1
2.3073073055,58,UNBIND_NS,1
2.3103458991,61,SLIDE_LEFT,1
2.3236044816,47,SLIDE_LEFT,1
2.3548288110,19,BIND_NS,1
2.3612123364,46,SLIDE_RIGHT,1
2.3612178506,56,UNBIND_NS,1
2.3702606229,95,BIND_NS,1
2.3783611164,15,SLIDE_LEFT,1
2.3834335409,32,SLIDE_RIGHT,1
2.3843315424,20,SLIDE_RIGHT,1
2.3893353333,33,SLIDE_RIGHT,1
2.3981139438,49,SLIDE_LEFT,1
2.4003422217,18,SLIDE_LEFT,1
2.4244625758,25,BIND_NS,1
2.4252974079,76,SLIDE_LEFT,1
2.4364603118,88,BIND_NS,1
2.4373420961,10,UNBIND_NS,1
2.4523330197,79,SLIDE_LEFT,1
2.4792433751,25,UNBIND_NS,1
2.4851184385,19,UNBIND_NS,1
2.4856135463,71,BIND_NS,1
2.4953215147,37,SLIDE_RIGHT,1
2.4995858003,58,BIND_NS,1
2.5138895926,52,SLIDE_LEFT,1
2.5140952469,93,BIND_NS,1
2.5231500194,48,SLIDE_RIGHT,1
2.5306683855,14,SLIDE_RIGHT,1
2.5513900205,27,BIND_NS,1
2.5551826764,91,SLIDE_RIGHT,1
2.5713556625,94,BIND_NS,1
2.5732737868,9,SLIDE_RIGHT,1
2.5739247601,53,SLIDE_RIGHT,1
2.5743572980,70,SLIDE_LEFT,1
2.5907045745,49,SLIDE_LEFT,1
2.5974165246,58,SLIDE_RIGHT,1
2.6012830324,60,SLIDE_RIGHT,1
2.6094420284,27,SLIDE_RIGHT,1
2.6368161697,59,UNBIND_NS,1
2.6383623532,61,SLIDE_LEFT,1
2.6416788980,82,BIND_NS,1
2.6532464973,17,SLIDE_RIGHT,1
2.6558422792,88,SLIDE_LEFT,1
2.6657821265,96,BIND_NS,1
2.6667367120,44,BIND_NS,1
2.6768546538,82,SLIDE_LEFT,1
2.6827989283,47,SLIDE_LEFT,1
2.6872058883,72,BIND_NS,1
2.7067198995,38,UNBIND_NS,1
2.7170906884,18,SLIDE_LEFT,1
2.7328102285,76,BIND_NS,1
2.7427101697,28,SLIDE_LEFT,1
2.7584316525,60,SLIDE_RIGHT,1
2.7652932812,76,UNBIND_NS,1
2.7779084847,15,SLIDE_LEFT,1
2.7832037910,78,SLIDE_RIGHT,1
2.7922338240,46,SLIDE_LEFT,1
2.8035910131,87,SLIDE_LEFT,1
2.8115737147,72,SLIDE_RIGHT,1
2.8142092539,49,BIND_NS,1
2.8274379953,23,BIND_NS,1
2.8300848762,30,BIND_NS,1
2.8323194388,75,SLIDE_RIGHT,1
2.8424322778,81,SLIDE_RIGHT,1
2.8490885429,32,BIND_NS,1
2.8534263801,90,SLIDE_LEFT,1
2.8631019529,48,SLIDE_LEFT,1
2.8767243040,17,SLIDE_LEFT,1
2.8873446545,30,SLIDE_RIGHT,1
2.8880708856,76,SLIDE_LEFT,1
2.8896071297,46,BIND_NS,1
2.9033249909,14,SLIDE_LEFT,1
2.9148399695,34,SLIDE_RIGHT,1
2.9193290968,93,UNBIND_NS,1
2.9257222963,20,BIND_NS,1
2.9366000674,82,SLIDE_RIGHT,1
2.9595624293,83,SLIDE_LEFT,1
2.9754961777,87,BIND_NS,1
3.0047888976,48,BIND_NS,1
3.0134025416,79,SLIDE_LEFT,1
3.0200730637,20,SLIDE_LEFT,1
3.0204621921,49,SLIDE_RIGHT,1
3.0301767671,10,SLIDE_RIGHT,1
3.0306345911,31,UNBIND_NS,1
3.0339069773,65,BIND_NS,1
3.0358605225,11,SLIDE_RIGHT,1
3.0429828523,69,SLIDE_RIGHT,1
3.0473617005,23,UNBIND_NS,1
3.0541904917,71,UNBIND_NS,1
3.0634458345,89,SLIDE_LEFT,1
3.0659508351,21,SLIDE_LEFT,1
3.0732893421,72,BIND_NS,1
3.0782122626,44,SLIDE_LEFT,1
3.0914677143,57,BIND_NS,1
3.0919923772,35,SLIDE_LEFT,1
3.1047081421,94,UNBIND_NS,1
3.1263990521,7,SLIDE_LEFT,1
3.1281858387,75,SLIDE_RIGHT,1
3.1462270374,95,SLIDE_LEFT,1
3.1518420019,46,UNBIND_NS,1
3.1588000175,29,BIND_NS,1
3.1652936994,54,SLIDE_LEFT,1
3.1737925384,39,BIND_NS,1
3.1739071598,89,BIND_NS,1
3.1847801251,94,SLIDE_LEFT,1
3.1999106974,44,BIND_NS,1
3.2010381565,97,BIND_NS,1
3.2013927436,89,UNBIND_NS,1
3.2058022688,10,BIND_NS,1
3.2085954796,92,SLIDE_LEFT,1
3.2115849402,73,SLIDE_RIGHT,1
3.2195941505,45,SLIDE_RIGHT,1
3.2437781298,93,SLIDE_RIGHT,1
3.2501061616,61,SLIDE_RIGHT,1
3.2530023829,29,SLIDE_RIGHT,1
3.2556688075,88,SLIDE_RIGHT,1
3.2568911145,27,SLIDE_LEFT,1
3.2581967152,65,UNBIND_NS,1
3.2693959405,62,SLIDE_RIGHT,1
3.2700865047,21,BIND_NS,1
3.2708026253,44,SLIDE_RIGHT,1
3.2723283477,13,SLIDE_RIGHT,1
3.2755288865,12,SLIDE_RIGHT,1
3.2766254743,8,SLIDE_LEFT,1
3.2781603948,30,UNBIND_NS,1
3.2863091975,43,SLIDE_RIGHT,1
3.2882964051,63,SLIDE_LEFT,1
3.2927170930,91,SLIDE_LEFT,1
3.2947105906,96,UNBIND_NS,1
3.2970887097,13,SLIDE_LEFT,1
3.2982051425,6,SLIDE_LEFT,1
3.3019123903,12,UNBIND_NS,1
3.3109076452,32,SLIDE_LEFT,1
3.3124739790,89,UNBIND_NS,1
3.3269219657,76,SLIDE_LEFT,1
3.3316084935,70,UNBIND_NS,1
3.3344015925,50,SLIDE_LEFT,1
3.3511572507,5,SLIDE_LEFT,1
3.3566620377,22,SLIDE_RIGHT,1
3.3745281476,82,UNBIND_NS,1
3.3805606722,6,BIND_NS,1
3.3847787950,39,SLIDE_LEFT,1
3.3894836081,53,SLIDE_RIGHT,1
3.3985470569,51,SLIDE_LEFT,1
3.3993423703,57,SLIDE_LEFT,1
3.4155234939,96,BIND_NS,1
3.4169025799,6,UNBIND_NS,1
3.4328650308,42,BIND_NS,1
3.4343214283,38,SLIDE_LEFT,1
3.4352616172,74,SLIDE_LEFT,1
3.4370125721,84,BIND_NS,1
3.4403951096,54,SLIDE_LEFT,1
3.4447372600,45,UNBIND_NS,1
3.4674859939,53,SLIDE_LEFT,1
3.4778978163,4,UNBIND_NS,1
3.4786769744,46,SLIDE_LEFT,1
3.4832164097,87,UNBIND_NS,1
3.4861630983,4,BIND_NS,1
3.5077012283,45,UNBIND_NS,1
3.5082622763,31,SLIDE_LEFT,1
3.5086451133,68,BIND_NS,1
3.5158083173,10,SLIDE_RIGHT,1
3.5216211500,68,SLIDE_LEFT,1
3.5337946388,95,BIND_NS,1
3.5414909609,67,SLIDE_LEFT,1
3.5493732966,70,BIND_NS,1
3.5496504871,43,BIND_NS,1
3.5574891700,16,SLIDE_LEFT,1
3.5596524764,77,SLIDE_LEFT,1
3.5687219583,14,SLIDE_LEFT,1
3.5757870970,4,SLIDE_LEFT,1
3.5876293012,15,SLIDE_LEFT,1
3.5894167423,28,BIND_NS,1
3.5897131709,52,SLIDE_LEFT,1
3.5919462796,4,BIND_NS,1
3.5953725265,72,SLIDE_LEFT,1
3.5960288833,66,SLIDE_RIGHT,1
3.5976597409,97,SLIDE_RIGHT,1
3.6020258118,34,SLIDE_LEFT,1
3.6074594494,37,SLIDE_LEFT,1
3.6144669949,51,SLIDE_RIGHT,1
3.6507764288,23,SLIDE_LEFT,1
3.6509623091,98,SLIDE_RIGHT,1
3.6665644090,44,SLIDE_RIGHT,1
3.6686817580,90,SLIDE_RIGHT,1
3.6822028208,28,SLIDE_RIGHT,1
3.6910772163,13,SLIDE_LEFT,1
3.6927183065,59,BIND_NS,1
3.6945058117,91,UNBIND_NS,1
3.7014720430,47,SLIDE_LEFT,1
3.7036318918,14,SLIDE_LEFT,1
3.7131647413,75,SLIDE_LEFT,1
3.7158655579,94,SLIDE_LEFT,1
3.7197220454,13,UNBIND_NS,1
3.7257160046,51,BIND_NS,1
3.7347843210,26,SLIDE_LEFT,1
3.7687379542,25,SLIDE_LEFT,1
3.7694962240,93,SLIDE_RIGHT,1
3.7756049923,67,SLIDE_RIGHT,1
3.7756503322,97,BIND_NS,1
3.7783302469,56,UNBIND_NS,1
3.7915479431,73,SLIDE_LEFT,1
3.7971433597,7,SLIDE_LEFT,1
3.8026552753,70,UNBIND_NS,1
3.8093860633,95,UNBIND_NS,1
3.8366403032,86,UNBIND_NS,1
3.8507942598,11,SLIDE_LEFT,1
3.8631923910,54,BIND_NS,1
3.8772931888,71,SLIDE_LEFT,1
3.8797699312,88,BIND_NS,1
3.8869464218,76,SLIDE_LEFT,1
3.8937381462,43,SLIDE_RIGHT,1
3.8967142507,59,SLIDE_RIGHT,1
3.9146908496,52,SLIDE_RIGHT,1
3.9161478777,99,SLIDE_LEFT,1
3.9201705909,75,SLIDE_RIGHT,1
3.9274861021,97,UNBIND_NS,1
3.9372865079,6,SLIDE_RIGHT,1
3.9551282173,30,SLIDE_RIGHT,1
3.9705669094,29,SLIDE_RIGHT,1
3.9722114433,87,BIND_NS,1
3.9827074739,51,SLIDE_RIGHT,1
3.9833888645,74,UNBIND_NS,1
3.9962119575,34,BIND_NS,1
4.0108405793,43,BIND_NS,1
4.0348196270,33,UNBIND_NS,1
4.0348940669,56,BIND_NS,1
4.0419530335,78,UNBIND_NS,1
4.0422734525,32,BIND_NS,1
4.0446439384,70,SLIDE_RIGHT,1
4.0591683003,98,SLIDE_RIGHT,1
4.0678843363,30,SLIDE_LEFT,1
4.0801307044,34,SLIDE_LEFT,1
4.0887931821,62,SLIDE_RIGHT,1
4.0935732509,60,UNBIND_NS,1
4.0937966219,10,SLIDE_RIGHT,1
4.1095671968,30,BIND_NS,1
4.1164982683,5,BIND_NS,1
4.1222755115,41,BIND_NS,1
4.1226066275,68,SLIDE_RIGHT,1
4.1296420236,91,BIND_NS,1
4.1632664650,50,SLIDE_RIGHT,1
4.1640598153,63,SLIDE_RIGHT,1
4.1710865066,91,SLIDE_LEFT,1
4.1735582325,34,BIND_NS,1
4.1871363160,5,SLIDE_RIGHT,1
4.1887669494,24,SLIDE_LEFT,1
4.2049068053,63,BIND_NS,1
4.2095662715,69,SLIDE_LEFT,1
4.2144347741,64,UNBIND_NS,1
4.2245568180,94,SLIDE_LEFT,1
4.2527790966,84,SLIDE_RIGHT,1
4.2656066649,88,SLIDE_RIGHT,1
4.2685260245,32,UNBIND_NS,1
4.2798910396,52,UNBIND_NS,1
4.2861814839,63,SLIDE_RIGHT,1
4.3056940296,72,SLIDE_RIGHT,1
4.3090526870,65,BIND_NS,1
4.3111835506,64,SLIDE_LEFT,1
4.3247951088,11,SLIDE_LEFT,1
4.3282092126,6,UNBIND_NS,1
4.3607565399,68,UNBIND_NS,1
4.3796935203,63,SLIDE_RIGHT,1
4.3821319314,87,SLIDE_RIGHT,1
4.3948342312,94,BIND_NS,1
4.4095426725,46,SLIDE_RIGHT,1
4.4100227707,56,UNBIND_NS,1
4.4104012807,29,SLIDE_LEFT,1
4.4176430676,73,SLIDE_LEFT,1
4.4320309462,50,BIND_NS,1
4.4333707868,85,SLIDE_LEFT,1
4.4427507943,12,SLIDE_LEFT,1
4.4645154464,7,SLIDE_RIGHT,1
4.4708368017,28,SLIDE_LEFT,1
4.4779716223,71,SLIDE_LEFT,1
4.4992883391,45,SLIDE_RIGHT,1
4.5012179144,33,SLIDE_LEFT,1
4.5107959925,34,SLIDE_RIGHT,1
4.5227540181,24,BIND_NS,1
4.5384313461,72,UNBIND_NS,1
4.5475986796,8,SLIDE_RIGHT,1
4.5493976243,7,BIND_NS,1
4.5534531943,7,UNBIND_NS,1
4.5537019610,6,BIND_NS,1
4.5633981303,74,BIND_NS,1
4.5795460359,84,SLIDE_RIGHT,1
4.5859330677,82,BIND_NS,1
4.5902924392,32,SLIDE_RIGHT,1
4.5909671863,36,SLIDE_RIGHT,1
4.5943942205,27,SLIDE_LEFT,1
4.5986228737,96,UNBIND_NS,1
4.6055239308,45,BIND_NS,1
4.6078329431,26,UNBIND_NS,1
4.6122514627,54,UNBIND_NS,1
4.6131541978,25,BIND_NS,1
4.6152144507,37,SLIDE_RIGHT,1
4.6173360522,39,BIND_NS,1
4.6224989922,39,SLIDE_RIGHT,1
4.6235526437,85,SLIDE_RIGHT,1
4.6245202425,3,SLIDE_LEFT,1
4.6310645841,19,SLIDE_LEFT,1
4.6325407786,6,SLIDE_RIGHT,1
4.6349099359,76,SLIDE_LEFT,1
4.6368613449,75,UNBIND_NS,1
4.6443987605,48,UNBIND_NS,1
4.6494075830,35,SLIDE_RIGHT,1
4.6573135733,49,SLIDE_LEFT,1
4.6601308784,86,SLIDE_LEFT,1
4.6618066550,94,SLIDE_RIGHT,1
4.6641310339,75,BIND_NS,1
4.6645477709,7,SLIDE_LEFT,1
4.6744567409,18,UNBIND_NS,1
4.6750887235,69,BIND_NS,1
4.7008671608,75,SLIDE_RIGHT,1
4.7077128601,51,UNBIND_NS,1
4.7097687215,82,SLIDE_LEFT,1
4.7107781693,90,SLIDE_RIGHT,1
4.7158281166,21,UNBIND_NS,1
4.7214774433,11,SLIDE_RIGHT,1
4.7234142765,91,SLIDE_LEFT,1
4.7329180310,53,UNBIND_NS,1
4.7332649730,36,SLIDE_LEFT,1
4.7408598987,24,UNBIND_NS,1
4.7433095830,88,UNBIND_NS,1
4.7471291750,6,SLIDE_RIGHT,1
4.7686493847,28,BIND_NS,1
4.7764210264,23,SLIDE_RIGHT,1
4.7876754949,81,UNBIND_NS,1
4.8016681628,65,SLIDE_RIGHT,1
4.8034861746,7,SLIDE_RIGHT,1
4.8074942007,20,SLIDE_LEFT,1
4.8083065143,38,SLIDE_LEFT,1
4.8126600129,12,SLIDE_RIGHT,1
4.8130585372,24,SLIDE_LEFT,1
4.8295538332,2,SLIDE_LEFT,1
4.8296876652,8,SLIDE_LEFT,1
4.8313191247,76,UNBIND_NS,1
4.8354828922,6,BIND_NS,1
4.8355822450,5,BIND_NS,1
4.8378751555,99,SLIDE_LEFT,1
4.8436542831,64,SLIDE_LEFT,1
4.8652159747,87,BIND_NS,1
4.8666703539,42,UNBIND_NS,1
4.8705959905,74,SLIDE_LEFT,1
4.8906712181,3,BIND_NS,1
4.9176867913,19,SLIDE_LEFT,1
4.9189159340,98,SLIDE_RIGHT,1
4.9280502463,43,SLIDE_LEFT,1
4.9337895055,73,SLIDE_RIGHT,1
4.9498246334,93,SLIDE_LEFT,1
4.9535195692,70,UNBIND_NS,1
4.9646063116,1,SLIDE_RIGHT,1
4.9745435177,35,SLIDE_RIGHT,1
4.9783603208,18,SLIDE_LEFT,1
4.9972109253,74,SLIDE_RIGHT,1
4.9981217321,2,SLIDE_LEFT,1
4.9989837258,85,SLIDE_LEFT,1
5.0022589419,31,UNBIND_NS,1
5.0023954080,92,SLIDE_RIGHT,1
5.0060018619,32,BIND_NS,1
5.0099637062,44,SLIDE_LEFT,1
5.0115129791,89,UNBIND_NS,1
5.0228372671,43,SLIDE_RIGHT,1
5.0237218330,87,SLIDE_LEFT,1
5.0275331777,28,UNBIND_NS,1
5.0374162490,95,SLIDE_LEFT,1
5.0394556978,17,UNBIND_NS,1
5.0457257995,38,BIND_NS,1
5.0458962509,90,SLIDE_RIGHT,1
5.0469283645,93,SLIDE_LEFT,1
5.0469351488,3,SLIDE_LEFT,1
5.0642296925,86,UNBIND_NS,1
5.0689586178,36,UNBIND_NS,1
5.0705026721,4,SLIDE_LEFT,1
5.1070269335,94,SLIDE_RIGHT,1
5.1158871302,30,SLIDE_RIGHT,1
5.1241187802,27,BIND_NS,1
5.1262505929,27,SLIDE_RIGHT,1
5.1349679711,64,BIND_NS,1
5.1384072029,75,SLIDE_LEFT,1
5.1458768747,44,UNBIND_NS,1
5.1496382832,68,BIND_NS,1
5.1510448543,39,BIND_NS,1
5.1538543486,22,SLIDE_LEFT,1
5.1766200092,50,SLIDE_RIGHT,1
5.1782076795,69,SLIDE_RIGHT,1
5.1890472922,93,BIND_NS,1
5.1942895154,23,SLIDE_LEFT,1
5.1994469479,27,BIND_NS,1
5.2115918036,65,BIND_NS,1
5.2118929071,95,SLIDE_LEFT,1
5.2127706679,25,SLIDE_LEFT,1
5.2254573044,49,BIND_NS,1
5.2339776395,33,SLIDE_RIGHT,1
5.2370400859,71,BIND_NS,1
5.2387975282,31,SLIDE_LEFT,1
5.2505233761,68,SLIDE_RIGHT,1
5.2534732527,88,BIND_NS,1
5.2703655901,51,SLIDE_RIGHT,1
5.2816863344,9,SLIDE_LEFT,1
5.2876551014,81,BIND_NS,1
5.2881193728,52,SLIDE_LEFT,1
5.2960710681,42,SLIDE_RIGHT,1
5.3025510766,74,SLIDE_RIGHT,1
5.3038260248,37,UNBIND_NS,1
5.3072988373,24,UNBIND_NS,1
5.3086241805,43,UNBIND_NS,1
5.3120171028,66,SLIDE_RIGHT,1
5.3165038332,21,SLIDE_LEFT,1
5.3279946491,1,SLIDE_LEFT,1
5.3286217583,46,UNBIND_NS,1
5.3306313295,13,SLIDE_LEFT,1
5.3337201800,45,SLIDE_RIGHT,1
5.3411148594,46,UNBIND_NS,1
5.3570684738,53,BIND_NS,1
5.3619897621,81,UNBIND_NS,1
5.3899442186,99,SLIDE_LEFT,1
5.4068455958,88,SLIDE_LEFT,1
5.4091188942,38,UNBIND_NS,1
5.4163991336,5,UNBIND_NS,1
5.4211807692,41,SLIDE_RIGHT,1
5.4234598371,91,SLIDE_LEFT,1
5.4241400476,20,SLIDE_LEFT,1
5.4362793730,98,SLIDE_LEFT,1
5.4365284051,32,SLIDE_LEFT,1
5.4448011816,22,UNBIND_NS,1
5.4449743444,6,UNBIND_NS,1
5.4630993791,27,UNBIND_NS,1
5.4911401791,39,SLIDE_LEFT,1
5.4942768943,92,UNBIND_NS,1
5.4960058014,65,UNBIND_NS,1
5.5056910566,51,SLIDE_RIGHT,1
5.5067829294,34,SLIDE_RIGHT,1
5.5148363913,64,UNBIND_NS,1
5.5217540543,30,UNBIND_NS,1
5.5389844657,69,SLIDE_LEFT,1
5.5392234709,10,UNBIND_NS,1
5.5518148149,83,BIND_NS,1
5.5596213467,12,SLIDE_RIGHT,1
5.5631363268,71,UNBIND_NS,1
5.5635628668,13,SLIDE_LEFT,1
5.5723025260,91,BIND_NS,1
5.5839534363,94,SLIDE_RIGHT,1
5.5944838960,8,SLIDE_RIGHT,1
5.5983309385,47,UNBIND_NS,1
5.6051123989,91,SLIDE_RIGHT,1
5.6077405098,31,SLIDE_LEFT,1
5.6115554903,93,SLIDE_RIGHT,1
5.6166480891,48,SLIDE_LEFT,1
5.6214833715,42,SLIDE_RIGHT,1
5.6292706977,69,BIND_NS,1
5.6423691003,0,SLIDE_RIGHT,1
5.6488255460,7,SLIDE_RIGHT,1
5.6517561621,70,SLIDE_RIGHT,1
5.6520911954,49,SLIDE_RIGHT,1
5.6718461983,30,SLIDE_RIGHT,1
5.6824907138,31,SLIDE_LEFT,1
5.7041317906,8,UNBIND_NS,1
5.7053442610,74,BIND_NS,1
5.7073386078,74,SLIDE_LEFT,1
5.7147407521,38,SLIDE_RIGHT,1
5.7428048166,25,BIND_NS,1
5.7454909529,75,SLIDE_RIGHT,1
5.7621788064,52,SLIDE_LEFT,1
5.7705685748,43,UNBIND_NS,1
5.7762866041,25,SLIDE_RIGHT,1
5.7955426652,84,SLIDE_RIGHT,1
5.7984679575,62,BIND_NS,1
5.8143838825,56,BIND_NS,1
5.8249865774,2,UNBIND_NS,1
5.8285309250,47,SLIDE_RIGHT,1
5.8558816538,51,UNBIND_NS,1
5.8621752462,3,SLIDE_RIGHT,1
5.8702333505,84,BIND_NS,1
5.8791327143,92,UNBIND_NS,1
5.8799310258,35,SLIDE_RIGHT,1
5.8825069546,76,SLIDE_LEFT,1
5.8836142608,83,SLIDE_LEFT,1
5.8862821295,35,BIND_NS,1
5.8866953011,97,SLIDE_LEFT,1
5.8954592334,1,UNBIND_NS,1
5.9020233955,82,SLIDE_LEFT,1
5.9026722068,19,SLIDE_LEFT,1
5.9036507962,36,SLIDE_RIGHT,1
5.9126155608,63,SLIDE_RIGHT,1
5.9129149645,90,UNBIND_NS,1
5.9275701259,75,SLIDE_RIGHT,1
5.9277591919,71,SLIDE_LEFT,1
5.9288844632,5,BIND_NS,1
5.9364101633,89,BIND_NS,1
5.9647159563,35,SLIDE_LEFT,1
5.9692824616,38,BIND_NS,1
5.9731007767,15,BIND_NS,1
5.9769811712,62,SLIDE_LEFT,1
5.9797441052,85,UNBIND_NS,1
5.9856936712,39,UNBIND_NS,1
5.9861417592,85,BIND_NS,1
6.0048417270,76,UNBIND_NS,1
6.0057424060,94,UNBIND_NS,1
6.0070367228,81,SLIDE_RIGHT,1
6.0365358988,14,BIND_NS,1
6.0393767361,43,BIND_NS,1
6.0414579154,73,SLIDE_LEFT,1
6.0461998949,12,SLIDE_LEFT,1
6.0539950400,64,SLIDE_RIGHT,1
6.0560216171,5,SLIDE_RIGHT,1
6.0597210652,26,SLIDE_LEFT,1
6.0699027010,87,UNBIND_NS,1
6.0898650154,56,SLIDE_LEFT,1
6.0915798538,4,SLIDE_LEFT,1
6.0932557435,89,SLIDE_LEFT,1
6.0955158547,43,SLIDE_LEFT,1
6.1010785521,89,BIND_NS,1
6.1132601700,61,SLIDE_RIGHT,1
6.1158376700,29,BIND_NS,1
6.1255992898,68,UNBIND_NS,1
6.1322070360,89,SLIDE_RIGHT,1
6.1350125883,38,UNBIND_NS,1
6.1404297648,11,SLIDE_RIGHT,1
6.1412677531,28,SLIDE_LEFT,1
6.1432379290,15,SLIDE_RIGHT,1
6.1440618065,82,UNBIND_NS,1
6.1472824524,45,BIND_NS,1
6.1499359601,6,SLIDE_RIGHT,1
6.1531465270,48,UNBIND_NS,1
6.1534690572,34,SLIDE_LEFT,1
6.1632601461,55,SLIDE_LEFT,1
6.1695689011,82,BIND_NS,1
6.1701887259,48,BIND_NS,1
6.1772860924,29,SLIDE_LEFT,1
6.1870970683,85,UNBIND_NS,1
6.1889952837,12,SLIDE_LEFT,1
6.1943256031,60,BIND_NS,1
6.1972533670,67,SLIDE_LEFT,1
6.1976127744,66,UNBIND_NS,1
6.2101697564,3,SLIDE_RIGHT,1
6.2148061150,11,SLIDE_LEFT,1
6.2310540372,33,SLIDE_RIGHT,1
6.2316259777,10,SLIDE_RIGHT,1
6.2341238903,61,BIND_NS,1
6.2348857780,17,BIND_NS,1
6.2402945729,96,SLIDE_RIGHT,1
6.2462276430,7,SLIDE_RIGHT,1
6.2492918562,72,SLIDE_RIGHT,1
6.2605951601,50,SLIDE_LEFT,1
6.2688549273,27,SLIDE_LEFT,1
6.2703593384,45,SLIDE_LEFT,1
6.2857250258,30,SLIDE_LEFT,1
6.2970095334,90,SLIDE_RIGHT,1
6.3154768916,69,UNBIND_NS,1
6.3218913940,40,SLIDE_RIGHT,1
6.3367173395,83,BIND_NS,1
6.3393834989,34,SLIDE_RIGHT,1
6.3436453816,73,SLIDE_RIGHT,1
6.3674787952,65,SLIDE_LEFT,1
6.3751996625,29,UNBIND_NS,1
6.3773992302,74,UNBIND_NS,1
6.3831749809,37,SLIDE_RIGHT,1
6.3879818147,64,SLIDE_LEFT,1
6.3905892493,77,BIND_NS,1
6.3922651514,3,BIND_NS,1
6.3957145960,40,BIND_NS,1
6.3967306164,28,SLIDE_LEFT,1
6.3997759536,54,SLIDE_RIGHT,1
6.4031266524,63,SLIDE_RIGHT,1
6.4038512387,24,BIND_NS,1
6.4206960100,91,UNBIND_NS,1
6.4436433193,8,SLIDE_LEFT,1
6.4460397991,64,SLIDE_RIGHT,1
6.4527724752,9,UNBIND_NS,1
6.4552920103,95,SLIDE_RIGHT,1
6.4590506057,7,SLIDE_LEFT,1
6.4616092455,18,SLIDE_RIGHT,1
6.4670576173,64,BIND_NS,1
6.4742466634,24,SLIDE_LEFT,1
6.4770339759,64,SLIDE_LEFT,1
6.4798807131,70,SLIDE_LEFT,1
6.4934075979,53,SLIDE_RIGHT,1
6.4984156632,49,SLIDE_RIGHT,1
6.5044475472,25,SLIDE_LEFT,1
6.5155404823,67,BIND_NS,1
6.5200892315,65,SLIDE_RIGHT,1
6.5367368668,11,SLIDE_RIGHT,1
6.5374145674,19,SLIDE_RIGHT,1
6.5380302039,48,SLIDE_RIGHT,1
6.5451544443,88,UNBIND_NS,1
6.5508151208,4,UNBIND_NS,1
6.5554715358,26,SLIDE_LEFT,1
6.5653518204,39,BIND_NS,1
6.5732001257,54,SLIDE_LEFT,1
6.5776730529,44,SLIDE_LEFT,1
6.5799905523,60,SLIDE_LEFT,1
6.5861895969,17,SLIDE_RIGHT,1
6.5904519962,63,SLIDE_RIGHT,1
6.5910218520,35,SLIDE_LEFT,1
6.6234230742,16,SLIDE_RIGHT,1
6.6249943382,67,SLIDE_RIGHT,1
6.6294565468,49,UNBIND_NS,1
6.6318907451,55,UNBIND_NS,1
6.6341049304,69,SLIDE_RIGHT,1
6.6410103208,34,SLIDE_RIGHT,1
6.6470293990,45,BIND_NS,1
6.6526398778,53,SLIDE_LEFT,1
6.6738948141,68,SLIDE_RIGHT,1
6.6897670737,81,BIND_NS,1
6.6922392526,27,SLIDE_LEFT,1
6.7230741967,77,SLIDE_RIGHT,1
6.7317330456,26,SLIDE_RIGHT,1
6.7345815015,84,UNBIND_NS,1
6.7400071579,89,BIND_NS,1
6.7439395323,14,SLIDE_RIGHT,1
6.7473728716,3,SLIDE_RIGHT,1
6.7532362760,20,UNBIND_NS,1
6.7572986367,52,SLIDE_RIGHT,1
6.7783299229,53,SLIDE_LEFT,1
6.7825878411,70,SLIDE_RIGHT,1
6.7826993494,89,SLIDE_RIGHT,1
6.7834246461,50,UNBIND_NS,1
6.7900605363,96,SLIDE_LEFT,1
6.7911700153,14,BIND_NS,1
6.8106213740,66,SLIDE_LEFT,1
6.8126896565,6,UNBIND_NS,1
6.8151073874,61,SLIDE_LEFT,1
6.8184848449,90,SLIDE_RIGHT,1
6.8219328422,25,SLIDE_RIGHT,1
6.8304215446,19,BIND_NS,1
6.8489664757,97,SLIDE_LEFT,1
6.8698712717,22,BIND_NS,1
6.8765672412,65,SLIDE_RIGHT,1
6.8773375822,12,SLIDE_LEFT,1
6.8778278578,62,SLIDE_RIGHT,1
6.8816584378,26,UNBIND_NS,1
6.8881266605,81,UNBIND_NS,1
6.9040123625,91,SLIDE_RIGHT,1
6.9111186426,96,SLIDE_RIGHT,1
6.9162075691,89,BIND_NS,1
6.9232895340,66,SLIDE_LEFT,1
6.9322748740,60,SLIDE_RIGHT,1
6.9325140206,52,SLIDE_LEFT,1
6.9388024264,92,SLIDE_RIGHT,1
6.9520809889,51,SLIDE_RIGHT,1
6.9534818165,11,SLIDE_LEFT,1
6.9641169191,10,SLIDE_RIGHT,1
6.9653280808,62,BIND_NS,1
6.9706973102,17,SLIDE_LEFT,1
6.9717553174,89,SLIDE_LEFT,1
6.9719540585,45,SLIDE_LEFT,1
6.9767113726,35,SLIDE_LEFT,1
6.9778191142,11,UNBIND_NS,1
6.9830440936,14,UNBIND_NS,1
6.9864999412,23,UNBIND_NS,1
6.9894364236,93,SLIDE_LEFT,1
7.0030871269,92,SLIDE_LEFT,1
7.0050563875,68,BIND_NS,1
7.0156531696,95,SLIDE_LEFT,1
7.0173217166,64,UNBIND_NS,1
7.0231950230,71,SLIDE_RIGHT,1
7.0292640380,97,SLIDE_RIGHT,1
7.0332950508,67,BIND_NS,1
7.0452923314,88,SLIDE_RIGHT,1
7.0542599755,24,SLIDE_LEFT,1
7.0606340692,14,BIND_NS,1
7.0677094292,94,SLIDE_LEFT,1
7.0820357431,70,BIND_NS,1
7.0846685153,31,BIND_NS,1
7.1029228301,96,BIND_NS,1
7.1274795911,18,SLIDE_LEFT,1
7.1305333110,46,BIND_NS,1
7.1309336118,82,SLIDE_LEFT,1
7.1443834694,27,SLIDE_RIGHT,1
7.1587947676,81,SLIDE_LEFT,1
7.1592297453,44,SLIDE_RIGHT,1
7.1612608116,0,BIND_NS,1
7.1626700742,52,SLIDE_RIGHT,1
7.1727446142,78,UNBIND_NS,1
7.1811708038,65,SLIDE_LEFT,1
7.1930032248,83,SLIDE_RIGHT,1
7.2003628009,28,UNBIND_NS,1
7.2059209824,48,BIND_NS,1
7.2215565070,96,UNBIND_NS,1
7.2449955527,38,SLIDE_LEFT,1
7.2519057534,98,SLIDE_LEFT,1
7.2602113704,72,SLIDE_RIGHT,1
7.2619506347,6,BIND_NS,1
7.2699162724,61,SLIDE_LEFT,1
7.2773719847,84,SLIDE_RIGHT,1
7.2817699562,1,BIND_NS,1
7.2926360312,19,UNBIND_NS,1
7.2975697913,73,SLIDE_RIGHT,1
7.3006872635,54,BIND_NS,1
7.3108292116,85,SLIDE_LEFT,1
7.3128631398,41,UNBIND_NS,1
7.3197993467,80,SLIDE_RIGHT,1
7.3270379781,93,SLIDE_RIGHT,1
7.3341943238,84,SLIDE_RIGHT,1
7.3421434170,95,BIND_NS,1
7.3524248326,90,BIND_NS,1
7.3654325795,34,SLIDE_RIGHT,1
7.3723499536,8,BIND_NS,1
7.3726306396,89,SLIDE_LEFT,1
7.3826157513,8,UNBIND_NS,1
7.3869607644,6,UNBIND_NS,1
7.3875152529,91,SLIDE_RIGHT,1
7.4051497421,66,BIND_NS,1
7.4067952220,92,SLIDE_RIGHT,1
7.4073120787,96,BIND_NS,1
7.4179941816,35,SLIDE_RIGHT,1
7.4309277047,85,SLIDE_LEFT,1
7.4355563486,64,UNBIND_NS,1
7.4381114251,42,UNBIND_NS,1
7.4407884111,93,SLIDE_LEFT,1
7.4423177298,4,SLIDE_RIGHT,1
7.4430966328,90,SLIDE_RIGHT,1
7.4471231734,23,SLIDE_RIGHT,1
7.4572546099,74,UNBIND_NS,1
7.4629976724,0,UNBIND_NS,1
7.4716321396,50,BIND_NS,1
7.4817663435,84,SLIDE_RIGHT,1
7.5149384597,97,SLIDE_RIGHT,1
7.5180202189,85,SLIDE_RIGHT,1
7.5232358533,48,SLIDE_RIGHT,1
7.5308571138,50,UNBIND_NS,1
7.5350862839,75,BIND_NS,1
7.5380314599,94,UNBIND_NS,1
7.5382601822,13,BIND_NS,1
7.5390046022,86,UNBIND_NS,1
7.5518755990,72,BIND_NS,1
7.5595739258,31,SLIDE_RIGHT,1
7.5647991614,17,SLIDE_RIGHT,1
7.5696481916,32,SLIDE_RIGHT,1
7.5705992036,50,BIND_NS,1
7.5769745384,53,UNBIND_NS,1
7.5948890616,32,BIND_NS,1
7.5988544414,62,SLIDE_LEFT,1
7.6122448020,45,UNBIND_NS,1
7.6224439498,40,SLIDE_RIGHT,1
7.6262086464,19,BIND_NS,1
7.6429646033,75,SLIDE_RIGHT,1
7.6438711332,22,SLIDE_RIGHT,1
7.6544274576,81,SLIDE_LEFT,1
7.6586789827,41,SLIDE_RIGHT,1
7.6598015557,69,UNBIND_NS,1
7.6654851741,77,BIND_NS,1
7.6683614544,91,SLIDE_LEFT,1
7.6687235619,52,BIND_NS,1
7.6767296579,39,SLIDE_LEFT,1
7.6778240489,56,BIND_NS,1
7.6832852333,70,SLIDE_LEFT,1
7.6884130684,88,SLIDE_LEFT,1
7.6919063962,59,UNBIND_NS,1
7.7030311577,65,BIND_NS,1
7.7041494963,13,SLIDE_LEFT,1
7.7044272951,80,SLIDE_RIGHT,1
7.7218988743,5,SLIDE_LEFT,1
7.7338542966,84,BIND_NS,1
7.7359959737,14,SLIDE_LEFT,1
7.7401455092,95,SLIDE_LEFT,1
7.7411905256,77,UNBIND_NS,1
7.7506613425,28,BIND_NS,1
7.7537736533,61,SLIDE_RIGHT,1
7.7607855908,58,BIND_NS,1
7.7642418377,94,SLIDE_RIGHT,1
7.7716253658,72,SLIDE_LEFT,1
7.7726085464,43,SLIDE_RIGHT,1
7.7779924574,52,SLIDE_LEFT,1
7.7780269727,57,BIND_NS,1
7.7994269423,62,SLIDE_LEFT,1
7.8023938524,90,SLIDE_RIGHT,1
7.8074073212,46,SLIDE_RIGHT,1
7.8129081503,4,SLIDE_LEFT,1
7.8197194250,18,SLIDE_LEFT,1
7.8213676570,87,SLIDE_RIGHT,1
7.8214158216,4,BIND_NS,1
7.8214203251,19,SLIDE_LEFT,1
7.8230226463,33,SLIDE_RIGHT,1
7.8403946573,1,SLIDE_LEFT,1
7.8449571786,44,SLIDE_RIGHT,1
7.8512478166,24,SLIDE_RIGHT,1
7.8671560476,3,SLIDE_LEFT,1
7.8838662635,81,SLIDE_LEFT,1
7.8903584518,23,SLIDE_RIGHT,1
7.8967468885,51,SLIDE_RIGHT,1
7.9089658080,36,SLIDE_LEFT,1
7.9135486010,4,SLIDE_LEFT,1
7.9326673303,58,UNBIND_NS,1
7.9417743028,98,SLIDE_LEFT,1
7.9450773955,7,BIND_NS,1
7.9685070227,34,SLIDE_LEFT,1
7.9722412434,28,SLIDE_LEFT,1
7.9737907820,76,SLIDE_RIGHT,1
7.9828107140,38,SLIDE_RIGHT,1
7.9924795733,80,SLIDE_RIGHT,1
8.0065892786,90,BIND_NS,1
8.0155063712,52,SLIDE_RIGHT,1
8.0274202345,97,SLIDE_RIGHT,1
8.0430708214,17,UNBIND_NS,1
8.0479040419,35,SLIDE_RIGHT,1
8.0491552011,81,SLIDE_LEFT,1
8.0537464388,68,UNBIND_NS,1
8.0538183108,37,SLIDE_RIGHT,1
8.0709670751,77,SLIDE_RIGHT,1
8.0883248749,34,BIND_NS,1
8.0917159920,85,BIND_NS,1
8.0948627169,78,SLIDE_LEFT,1
8.0976260357,69,UNBIND_NS,1
8.1136427881,68,BIND_NS,1
8.1281338546,13,SLIDE_RIGHT,1
8.1364991141,38,UNBIND_NS,1
8.1511019880,60,UNBIND_NS,1
8.1572497876,7,SLIDE_LEFT,1
8.1663902253,92,UNBIND_NS,1
8.1679928490,6,UNBIND_NS,1
8.1748549004,61,UNBIND_NS,1
8.1791539328,95,SLIDE_LEFT,1
8.1815687604,44,BIND_NS,1
8.1859500615,42,SLIDE_RIGHT,1
8.1893285278,98,SLIDE_RIGHT,1
8.1913639686,73,BIND_NS,1
8.2008270611,47,SLIDE_RIGHT,1
8.2063908600,91,SLIDE_RIGHT,1
8.2082190813,47,BIND_NS,1
8.2091612775,50,SLIDE_RIGHT,1
8.2111056320,2,SLIDE_LEFT,1
8.2113121727,36,UNBIND_NS,1
8.2165555860,18,SLIDE_LEFT,1
8.2181510403,27,UNBIND_NS,1
8.2182036178,57,UNBIND_NS,1
8.2279845913,51,SLIDE_RIGHT,1
8.2280656340,43,UNBIND_NS,1
8.2340674468,56,SLIDE_LEFT,1
8.2453134279,79,BIND_NS,1
8.2533266619,55,SLIDE_RIGHT,1
8.2662157428,57,BIND_NS,1
8.2743903941,73,SLIDE_LEFT,1
8.2787645775,24,SLIDE_LEFT,1
8.2914860242,92,SLIDE_LEFT,1
8.3030682505,90,SLIDE_LEFT,1
8.3093409796,3,SLIDE_LEFT,1
8.3116542944,77,SLIDE_LEFT,1
8.3173629780,68,SLIDE_RIGHT,1
8.3189876629,39,UNBIND_NS,1
8.3295774833,58,BIND_NS,1
8.3331537202,76,SLIDE_LEFT,1
8.3414056094,96,SLIDE_RIGHT,1
8.3494687362,6,BIND_NS,1
8.3560413260,71,SLIDE_LEFT,1
8.3563883405,23,SLIDE_LEFT,1
8.3639609970,52,SLIDE_LEFT,1
8.3713856852,22,UNBIND_NS,1
8.3720855911,84,UNBIND_NS,1
8.3815602900,25,SLIDE_LEFT,1
8.3873903154,21,BIND_NS,1
8.4001345339,70,SLIDE_RIGHT,1
8.4162549878,49,UNBIND_NS,1
8.4599328770,47,SLIDE_LEFT,1
8.4632662898,97,SLIDE_LEFT,1
8.4692976641,66,UNBIND_NS,1
8.4761926417,65,SLIDE_RIGHT,1
8.4912140663,88,UNBIND_NS,1
8.4994637124,89,UNBIND_NS,1
8.5139617292,51,UNBIND_NS,1
8.5483455485,67,SLIDE_RIGHT,1
8.5491083659,79,SLIDE_LEFT,1
8.5521933234,68,UNBIND_NS,1
8.5702858291,67,BIND_NS,1
8.5730279593,63,SLIDE_LEFT,1
8.5817874267,56,SLIDE_LEFT,1
8.5847053082,12,SLIDE_LEFT,1
8.5849610085,11,SLIDE_RIGHT,1
8.5993641479,12,SLIDE_LEFT,1
8.6013871916,32,UNBIND_NS,1
8.6060160768,85,SLIDE_RIGHT,1
8.6151246109,94,UNBIND_NS,1
8.6304065979,21,SLIDE_RIGHT,1
8.6370323840,96,SLIDE_LEFT,1
8.6483529383,95,SLIDE_LEFT,1
8.6569135370,1,UNBIND_NS,1
8.6572844320,69,SLIDE_RIGHT,1
8.6722553391,78,SLIDE_LEFT,1
8.6788992572,11,SLIDE_RIGHT,1
8.6797453431,43,BIND_NS,1
8.6932300053,17,SLIDE_RIGHT,1
8.7151891927,9,BIND_NS,1
8.7194092585,34,SLIDE_RIGHT,1
8.7296773986,73,BIND_NS,1
8.7343743230,55,SLIDE_RIGHT,1
8.7417236378,35,SLIDE_LEFT,1
8.7486278921,94,UNBIND_NS,1
8.7640582903,48,SLIDE_RIGHT,1
8.7645707307,58,SLIDE_RIGHT,1
8.7686552786,41,BIND_NS,1
8.7738844474,6,UNBIND_NS,1
8.7897585303,47,BIND_NS,1
8.7957448715,19,BIND_NS,1
8.7960592767,71,UNBIND_NS,1
8.8012231804,75,SLIDE_LEFT,1
8.8091176715,14,SLIDE_LEFT,1
8.8105511358,49,UNBIND_NS,1
8.8178263026,67,SLIDE_RIGHT,1
8.8191063855,20,BIND_NS,1
8.8266265428,66,SLIDE_RIGHT,1
8.8545040450,43,SLIDE_LEFT,1
8.8605680752,13,SLIDE_RIGHT,1
8.8646159797,54,SLIDE_RIGHT,1
8.8648238570,70,SLIDE_RIGHT,1
8.8708663484,2,SLIDE_RIGHT,1
8.8762325293,44,UNBIND_NS,1
8.8809034213,73,UNBIND_NS,1
8.8878327626,61,BIND_NS,1
8.8929066506,87,BIND_NS,1
8.8980739053,34,SLIDE_RIGHT,1
8.9060984571,81,BIND_NS,1
8.9085613366,67,SLIDE_LEFT,1
8.9114789721,62,SLIDE_RIGHT,1
8.9195660165,82,BIND_NS,1
8.9211731627,86,SLIDE_LEFT,1
8.9287702420,9,UNBIND_NS,1
8.9296537540,0,SLIDE_RIGHT,1
8.9297697927,72,UNBIND_NS,1
8.9575706556,68,SLIDE_LEFT,1
8.9583829848,15,UNBIND_NS,1
8.9590317124,63,UNBIND_NS,1
8.9800537456,8,BIND_NS,1
8.9995710512,16,UNBIND_NS,1
9.0058251392,99,SLIDE_LEFT,1
9.0101385141,77,SLIDE_RIGHT,1
9.0289172994,61,SLIDE_RIGHT,1
9.0429226019,1,UNBIND_NS,1
9.0534620811,66,UNBIND_NS,1
9.0649132327,64,BIND_NS,1
9.0693706040,42,SLIDE_RIGHT,1
9.0741103565,67,UNBIND_NS,1
9.0751666612,71,SLIDE_RIGHT,1
9.0787511903,92,BIND_NS,1
9.0822947396,61,BIND_NS,1
9.1128252491,64,SLIDE_LEFT,1
9.1149803492,13,BIND_NS,1
9.1216106085,71,BIND_NS,1
9.1217377431,39,BIND_NS,1
9.1284133911,24,SLIDE_LEFT,1
9.1298443061,78,SLIDE_RIGHT,1
9.1321557573,55,SLIDE_LEFT,1
9.1637317939,50,BIND_NS,1
9.1649650706,57,UNBIND_NS,1
9.1783654044,39,SLIDE_RIGHT,1
9.2101547001,0,BIND_NS,1
9.2219861685,0,SLIDE_RIGHT,1
9.2349978597,63,SLIDE_RIGHT,1
9.2369891969,1,SLIDE_LEFT,1
9.2377296980,23,SLIDE_RIGHT,1
9.2445419468,35,SLIDE_LEFT,1
9.2463492517,74,SLIDE_RIGHT,1
9.2467305685,90,BIND_NS,1
9.2496350390,56,SLIDE_LEFT,1
9.2574397354,47,SLIDE_RIGHT,1
9.2632365096,87,UNBIND_NS,1
9.2680952672,73,BIND_NS,1
9.2703463243,1,BIND_NS,1
9.2730359276,92,SLIDE_RIGHT,1
9.2736136095,73,SLIDE_RIGHT,1
9.2760020071,24,SLIDE_LEFT,1
9.2803855340,79,SLIDE_LEFT,1
9.2810041182,18,SLIDE_LEFT,1
9.2957016847,62,SLIDE_RIGHT,1
9.3081218181,71,UNBIND_NS,1
9.3113157243,17,SLIDE_LEFT,1
9.3126442680,7,BIND_NS,1
9.3244727906,22,UNBIND_NS,1
9.3429400527,48,UNBIND_NS,1
9.3519389798,80,UNBIND_NS,1
9.3548706165,43,SLIDE_LEFT,1
9.3667963913,20,SLIDE_RIGHT,1
9.3695495155,16,SLIDE_RIGHT,1
9.3723977342,14,UNBIND_NS,1
9.3803106154,17,SLIDE_RIGHT,1
9.3887442856,74,UNBIND_NS,1
9.3894078674,46,SLIDE_RIGHT,1
9.3998829538,72,SLIDE_LEFT,1
9.4048960088,97,BIND_NS,1
9.4079190450,45,SLIDE_LEFT,1
9.4410608395,21,UNBIND_NS,1
9.4417579452,29,BIND_NS,1
9.4470861241,25,BIND_NS,1
9.4504054597,82,SLIDE_RIGHT,1
9.4578757058,44,SLIDE_LEFT,1
9.4581834221,86,BIND_NS,1
9.4598852299,50,SLIDE_LEFT,1
9.4665799052,78,SLIDE_LEFT,1
9.4726456401,1,SLIDE_RIGHT,1
9.4739318465,81,UNBIND_NS,1
9.4769268140,8,UNBIND_NS,1
9.4783888070,91,UNBIND_NS,1
9.4851917891,25,UNBIND_NS,1
9.4906851766,59,SLIDE_LEFT,1
9.4980571940,77,UNBIND_NS,1
9.4987839505,33,SLIDE_LEFT,1
9.5021474410,41,UNBIND_NS,1
9.5091780418,90,SLIDE_RIGHT,1
9.5092512332,57,BIND_NS,1
9.5274919674,75,SLIDE_LEFT,1
9.5305858525,49,UNBIND_NS,1
9.5316596396,23,SLIDE_RIGHT,1
9.5462595422,57,SLIDE_LEFT,1
9.5511841597,98,UNBIND_NS,1
9.5572241039,88,BIND_NS,1
9.5680589520,74,SLIDE_RIGHT,1
9.5735290237,71,SLIDE_RIGHT,1
9.5808156270,34,SLIDE_RIGHT,1
9.5837423323,0,SLIDE_RIGHT,1
9.5875513594,55,UNBIND_NS,1
9.5896770797,37,BIND_NS,1
9.5954351773,36,BIND_NS,1
9.5995530794,72,SLIDE_RIGHT,1
9.6088196267,2,UNBIND_NS,1
9.6135455224,3,SLIDE_LEFT,1
9.6174738026,37,UNBIND_NS,1
9.6407103218,2,SLIDE_RIGHT,1
9.6619467852,91,SLIDE_LEFT,1
9.6681978052,25,BIND_NS,1
9.6781398418,19,SLIDE_RIGHT,1
9.6799309380,91,BIND_NS,1
9.6841391008,32,UNBIND_NS,1
9.6874028837,3,SLIDE_LEFT,1
9.6875690927,2,UNBIND_NS,1
9.6988079878,61,SLIDE_RIGHT,1
9.6994611717,76,BIND_NS,1
9.7223014939,88,SLIDE_RIGHT,1
9.7277055899,89,UNBIND_NS,1
9.7449260312,96,BIND_NS,1
9.7468163057,56,SLIDE_LEFT,1
9.7468628950,25,SLIDE_RIGHT,1
9.7575546979,1,UNBIND_NS,1
9.7602683467,18,UNBIND_NS,1
9.7727540104,47,SLIDE_LEFT,1
9.7780853488,61,BIND_NS,1
9.7850339528,76,SLIDE_RIGHT,1
9.7859878595,96,SLIDE_LEFT,1
9.7919382239,87,BIND_NS,1
9.7930509529,95,SLIDE_LEFT,1
9.7940337730,85,SLIDE_LEFT,1
9.8074694549,55,SLIDE_RIGHT,1
9.8206286007,93,SLIDE_LEFT,1
9.8459793021,76,BIND_NS,1
9.8545829350,53,SLIDE_LEFT,1
9.8586103135,24,SLIDE_RIGHT,1
9.8655552139,12,SLIDE_LEFT,1
9.8670822014,43,SLIDE_RIGHT,1
9.8722553428,29,SLIDE_LEFT,1
9.8724515110,28,SLIDE_RIGHT,1
9.8811695200,71,BIND_NS,1
9.8868095930,69,BIND_NS,1
9.8893630745,29,SLIDE_RIGHT,1
9.9018546224,20,UNBIND_NS,1
9.9065669198,80,BIND_NS,1
9.9080534579,49,BIND_NS,1
9.9146929271,15,BIND_NS,1
9.9147074122,93,BIND_NS,1
9.9176746629,43,BIND_NS,1
9.9216117559,70,BIND_NS,1
9.9294708535,26,SLIDE_RIGHT,1
9.9410693430,74,BIND_NS,1
9.9504746598,30,SLIDE_LEFT,1
9.9545940497,64,UNBIND_NS,1
9.9584052514,71,SLIDE_RIGHT,1
9.9584526791,29,SLIDE_LEFT,1
9.9617430129,11,SLIDE_RIGHT,1
9.9636977429,54,SLIDE_RIGHT,1
9.9641499715,37,BIND_NS,1
9.9682017566,39,BIND_NS,1
9.9814076764,69,UNBIND_NS,1
9.9849863996,55,SLIDE_LEFT,1
9.9914072901,80,UNBIND_NS,1
9.9926026583,86,SLIDE_LEFT,1
9.9956204790,36,UNBIND_NS,1
10.0020284491,49,SLIDE_LEFT,1
10.0096950584,7,SLIDE_LEFT,1
10.0126338329,46,SLIDE_RIGHT,1
10.0130019753,25,SLIDE_LEFT,1
10.0250741596,35,SLIDE_RIGHT,1
10.0271040971,64,BIND_NS,1
10.0348248903,48,UNBIND_NS,1
10.0440838088,15,SLIDE_RIGHT,1
10.0476161931,58,SLIDE_RIGHT,1
10.0565907632,39,UNBIND_NS,1
10.0570881421,87,SLIDE_RIGHT,1
10.0573676706,85,SLIDE_RIGHT,1
10.0618131816,13,UNBIND_NS,1
10.0771870627,83,SLIDE_LEFT,1
10.0867367298,97,SLIDE_RIGHT,1
10.0879860321,6,SLIDE_LEFT,1
10.0894023364,98,SLIDE_LEFT,1
10.0932315839,77,SLIDE_RIGHT,1
10.1001338143,12,SLIDE_LEFT,1
10.1001770089,82,SLIDE_LEFT,1
10.1079677972,6,BIND_NS,1
10.1174822728,42,SLIDE_LEFT,1
10.1193729069,56,SLIDE_RIGHT,1
10.1265546270,78,SLIDE_LEFT,1
10.1426535891,54,SLIDE_RIGHT,1
10.1506232408,86,SLIDE_RIGHT,1
10.1606059783,78,BIND_NS,1
10.1639853822,28,SLIDE_RIGHT,1
10.1708930411,24,SLIDE_RIGHT,1
10.1710046693,44,SLIDE_RIGHT,1
10.1773150108,18,BIND_NS,1
10.1914913488,27,SLIDE_LEFT,1
10.1974907256,38,BIND_NS,1
10.2047437407,36,SLIDE_LEFT,1
10.2256981677,94,SLIDE_RIGHT,1
10.2313959832,73,UNBIND_NS,1
10.2409365566,73,BIND_NS,1
10.2422556393,64,SLIDE_RIGHT,1
10.2563613809,16,SLIDE_RIGHT,1
10.2571434814,96,BIND_NS,1
10.2647967883,41,SLIDE_RIGHT,1
10.2796045186,55,SLIDE_RIGHT,1
10.2840696120,72,SLIDE_LEFT,1
10.2875716776,43,SLIDE_RIGHT,1
10.2888852615,42,SLIDE_RIGHT,1
10.2891734291,5,SLIDE_LEFT,1
10.2942370296,44,UNBIND_NS,1
10.3049981481,14,BIND_NS,1
10.3076189021,93,SLIDE_RIGHT,1
10.3188774468,78,UNBIND_NS,1
10.3193760480,38,UNBIND_NS,1
10.3225805468,4,SLIDE_RIGHT,1
10.3237700572,57,UNBIND_NS,1
10.3326174809,41,BIND_NS,1
10.3347914451,87,SLIDE_LEFT,1
10.3442252941,29,UNBIND_NS,1
10.3461698073,45,SLIDE_LEFT,1
10.3479872875,43,SLIDE_LEFT,1
10.3577204773,37,SLIDE_LEFT,1
10.3616645055,83,BIND_NS,1
10.3672635083,14,UNBIND_NS,1
10.3676083066,81,SLIDE_LEFT,1
10.3948177204,99,BIND_NS,1
10.3963180408,5,UNBIND_NS,1
10.4003473986,63,SLIDE_RIGHT,1
10.4306219364,97,UNBIND_NS,1
10.4348459056,63,BIND_NS,1
10.4596371605,47,SLIDE_RIGHT,1
10.4615594522,65,SLIDE_RIGHT,1
10.4647168329,80,SLIDE_LEFT,1
10.4648552917,16,BIND_NS,1
10.4687020900,12,BIND_NS,1
10.4811389820,12,SLIDE_RIGHT,1
10.4972193878,22,BIND_NS,1
10.4978747420,22,SLIDE_RIGHT,1
10.5022124985,90,SLIDE_LEFT,1
10.5076849841,84,SLIDE_RIGHT,1
10.5106637171,75,UNBIND_NS,1
10.5201810528,66,SLIDE_RIGHT,1
10.5424908457,88,SLIDE_LEFT,1
10.5777575731,6,UNBIND_NS,1
10.5923061887,56,SLIDE_RIGHT,1
10.5991504265,35,SLIDE_LEFT,1
10.6000471110,77,SLIDE_RIGHT,1
10.6096889964,87,SLIDE_RIGHT,1
10.6161957594,79,SLIDE_RIGHT,1
10.6268365997,57,SLIDE_LEFT,1
10.6275422410,85,SLIDE_LEFT,1
10.6283420591,52,UNBIND_NS,1
10.6313702294,36,SLIDE_LEFT,1
10.6566637834,59,SLIDE_RIGHT,1
10.6566960040,1,BIND_NS,1
10.6629441532,1,SLIDE_RIGHT,1
10.6765796431,92,SLIDE_RIGHT,1
10.6774474228,88,SLIDE_LEFT,1
10.6800404696,89,SLIDE_LEFT,1
10.6850923464,81,BIND_NS,1
10.6915969756,9,BIND_NS,1
10.7091366801,44,UNBIND_NS,1
10.7168111479,41,UNBIND_NS,1
10.7217947139,13,SLIDE_LEFT,1
10.7249354104,94,UNBIND_NS,1
10.7401635818,2,SLIDE_RIGHT,1
10.7461514583,23,SLIDE_RIGHT,1
10.7473466350,60,SLIDE_LEFT,1
10.7499085176,71,UNBIND_NS,1
10.7572279420,96,SLIDE_RIGHT,1
10.7595699325,9,SLIDE_LEFT,1
10.7617289765,97,SLIDE_LEFT,1
10.7693391989,93,SLIDE_LEFT,1
10.7804981764,8,SLIDE_RIGHT,1
10.7939784871,61,UNBIND_NS,1
10.8163217384,48,SLIDE_LEFT,1
10.8214983174,34,UNBIND_NS,1
10.8253826938,3,SLIDE_LEFT,1
10.8320213780,96,SLIDE_RIGHT,1
10.8324785865,97,SLIDE_RIGHT,1
10.8399569941,76,SLIDE_LEFT,1
10.8460201644,16,UNBIND_NS,1
10.8501188105,26,SLIDE_RIGHT,1
10.8612936258,24,SLIDE_LEFT,1
10.8814065191,41,BIND_NS,1
10.8882960791,25,SLIDE_LEFT,1
10.8992413589,73,SLIDE_LEFT,1
10.9061883775,98,SLIDE_LEFT,1
10.9063449285,17,UNBIND_NS,1
10.9097160928,99,UNBIND_NS,1
10.9130876371,91,SLIDE_LEFT,1
10.9165461888,87,UNBIND_NS,1
10.9195018587,94,BIND_NS,1
10.9283601460,35,SLIDE_RIGHT,1
10.9399206249,78,UNBIND_NS,1
10.9454844065,67,SLIDE_LEFT,1
10.9623946357,80,SLIDE_LEFT,1
10.9825974363,42,SLIDE_RIGHT,1
10.9965176196,47,SLIDE_RIGHT,1
11.0125775670,24,SLIDE_RIGHT,1
11.0221303592,56,SLIDE_RIGHT,1
11.0283932140,95,SLIDE_RIGHT,1
11.0287954066,83,SLIDE_LEFT,1
11.0355842837,63,UNBIND_NS,1
11.0519526270,74,SLIDE_LEFT,1
11.0586258012,82,SLIDE_RIGHT,1
11.0670753187,43,SLIDE_LEFT,1
11.0752178326,71,BIND_NS,1
11.0970822236,24,BIND_NS,1
11.0993481675,48,SLIDE_RIGHT,1
11.1029399961,95,BIND_NS,1
11.1107264589,51,BIND_NS,1
11.1171465497,66,SLIDE_RIGHT,1
11.1172029870,90,SLIDE_RIGHT,1
11.1245317127,81,UNBIND_NS,1
11.1314892311,97,SLIDE_RIGHT,1
11.1405074654,62,SLIDE_LEFT,1
11.1534737931,18,UNBIND_NS,1
11.1650639275,27,SLIDE_RIGHT,1
11.1714886838,23,UNBIND_NS,1
11.1727149172,40,SLIDE_LEFT,1
11.1839024145,71,UNBIND_NS,1
11.1890477096,28,SLIDE_RIGHT,1
11.1891145157,29,SLIDE_RIGHT,1
11.1898399427,32,BIND_NS,1
11.1935081264,86,UNBIND_NS,1
11.2083074227,75,SLIDE_RIGHT,1
11.2085399872,70,SLIDE_LEFT,1
11.2226235330,32,SLIDE_LEFT,1
11.2384777498,59,SLIDE_RIGHT,1
11.2471130647,79,SLIDE_RIGHT,1
11.2471512965,80,SLIDE_RIGHT,1
11.2553098304,61,UNBIND_NS,1
11.2587323449,17,BIND_NS,1
11.2803887028,57,SLIDE_LEFT,1
11.2808000827,64,SLIDE_RIGHT,1
11.2906292617,83,SLIDE_LEFT,1
11.2958046887,40,BIND_NS,1
11.3007062193,60,SLIDE_RIGHT,1
11.3029258156,67,SLIDE_RIGHT,1
11.3077057453,77,BIND_NS,1
11.3095149324,97,BIND_NS,1
11.3286514326,81,SLIDE_LEFT,1
11.3300598282,24,UNBIND_NS,1
11.3310465126,88,SLIDE_RIGHT,1
11.3360378064,49,SLIDE_LEFT,1
11.3459194829,80,UNBIND_NS,1
11.3470109845,69,SLIDE_RIGHT,1
11.3543033239,72,SLIDE_LEFT,1
11.3595781306,63,BIND_NS,1
11.3637237998,11,UNBIND_NS,1
11.3693318040,10,BIND_NS,1
11.3713625720,84,UNBIND_NS,1
11.3737087491,12,SLIDE_LEFT,1
11.3839040250,86,BIND_NS,1
11.3845121208,82,SLIDE_RIGHT,1
11.3876156502,45,BIND_NS,1
11.3982853322,73,SLIDE_LEFT,1
11.3988117338,70,SLIDE_LEFT,1
11.4008415954,98,UNBIND_NS,1
11.4047596287,71,SLIDE_LEFT,1
11.4150770341,51,SLIDE_RIGHT,1
11.4214849765,53,BIND_NS,1
11.4336827922,83,UNBIND_NS,1
11.4476980152,73,BIND_NS,1
11.4494287544,11,SLIDE_RIGHT,1
11.4503754787,94,SLIDE_LEFT,1
11.4513168239,70,SLIDE_RIGHT,1
11.4699824392,52,SLIDE_LEFT,1
11.4713125968,51,UNBIND_NS,1
11.4730018827,36,SLIDE_RIGHT,1
11.4789159660,65,UNBIND_NS,1
11.4827251915,69,UNBIND_NS,1
11.4890961379,45,SLIDE_RIGHT,1
11.5042495949,42,SLIDE_RIGHT,1
11.5048532002,55,BIND_NS,1
11.5050156718,61,SLIDE_RIGHT,1
11.5175729692,51,BIND_NS,1
11.5201063173,68,SLIDE_RIGHT,1
11.5263360836,17,SLIDE_LEFT,1
11.5450019263,43,SLIDE_LEFT,1
11.5550362604,44,BIND_NS,1
11.5633953916,97,SLIDE_RIGHT,1
11.5634000764,21,BIND_NS,1
11.5640345772,73,SLIDE_RIGHT,1
11.5651475369,21,SLIDE_LEFT,1
11.5673672681,74,SLIDE_RIGHT,1
11.5679390510,25,SLIDE_LEFT,1
11.5680520596,95,SLIDE_LEFT,1
11.5722149097,12,SLIDE_RIGHT,1
11.5731813457,62,UNBIND_NS,1
11.5757017243,94,UNBIND_NS,1
11.5781513342,51,SLIDE_LEFT,1
11.5810934836,50,SLIDE_RIGHT,1
11.5846472804,46,SLIDE_LEFT,1
11.5899977818,10,SLIDE_RIGHT,1
11.5920541029,53,SLIDE_LEFT,1
11.5978203268,28,BIND_NS,1
11.6015499302,2,SLIDE_LEFT,1
11.6089393078,89,SLIDE_RIGHT,1
11.6130648798,42,UNBIND_NS,1
11.6200747832,9,SLIDE_RIGHT,1
11.6327900891,16,SLIDE_LEFT,1
11.6376652117,14,BIND_NS,1
11.6434851041,96,SLIDE_LEFT,1
11.6636442892,71,SLIDE_LEFT,1
11.6934713045,20,SLIDE_LEFT,1
11.7020143342,19,SLIDE_RIGHT,1
11.7134450639,94,BIND_NS,1
11.7140766276,78,BIND_NS,1
11.7261024673,84,BIND_NS,1
11.7318998253,78,SLIDE_RIGHT,1
11.7382932918,48,SLIDE_RIGHT,1
11.7484958920,11,SLIDE_RIGHT,1
11.7518702712,12,SLIDE_LEFT,1
11.7531537926,70,SLIDE_RIGHT,1
11.7549209488,86,SLIDE_LEFT,1
11.7688178888,63,UNBIND_NS,1
11.7869291802,52,SLIDE_RIGHT,1
11.7903352089,79,SLIDE_LEFT,1
11.7913480360,13,SLIDE_LEFT,1
11.8000151670,98,SLIDE_LEFT,1
11.8033834742,55,SLIDE_LEFT,1
11.8211145177,49,UNBIND_NS,1
11.8216418950,97,SLIDE_LEFT,1
11.8537223991,37,SLIDE_RIGHT,1
11.8538522822,47,BIND_NS,1
11.8553881793,32,BIND_NS,1
11.8670620706,35,BIND_NS,1
11.8818990827,29,BIND_NS,1
11.8821659016,73,BIND_NS,1
11.8860732256,69,SLIDE_RIGHT,1
11.8983029079,65,BIND_NS,1
11.9025461523,10,SLIDE_LEFT,1
11.9029695682,93,UNBIND_NS,1
11.9054096477,50,BIND_NS,1
11.9152931687,84,SLIDE_LEFT,1
11.9253189342,47,SLIDE_RIGHT,1
11.9331039553,28,SLIDE_LEFT,1
11.9341749848,56,SLIDE_RIGHT,1
11.9352802783,51,SLIDE_RIGHT,1
11.9425772369,96,UNBIND_NS,1
11.9493154970,65,SLIDE_RIGHT,1
11.9571278181,46,BIND_NS,1
11.9611982850,12,SLIDE_RIGHT,1
11.9616196102,85,UNBIND_NS,1
11.9639028340,11,SLIDE_LEFT,1
11.9651228391,63,BIND_NS,1
11.9976467872,87,BIND_NS,1
12.0032326272,1,SLIDE_RIGHT,1
12.0066332457,20,SLIDE_RIGHT,1
12.0135977253,90,SLIDE_LEFT,1
12.0137325187,15,UNBIND_NS,1
12.0204504060,63,SLIDE_RIGHT,1
12.0351828142,57,SLIDE_RIGHT,1
12.0368206168,36,BIND_NS,1
12.0437384094,88,BIND_NS,1
12.0540318499,70,UNBIND_NS,1
12.0685153618,45,UNBIND_NS,1
12.0789265145,83,SLIDE_RIGHT,1
12.1049269618,49,BIND_NS,1
12.1120940491,87,UNBIND_NS,1
12.1255440485,2,SLIDE_LEFT,1
12.1295083779,65,BIND_NS,1
12.1400608601,84,SLIDE_RIGHT,1
12.1572510632,95,UNBIND_NS,1
12.1718076370,85,SLIDE_RIGHT,1
12.1733854461,0,BIND_NS,1
12.1826821215,52,UNBIND_NS,1
12.1841997618,92,SLIDE_RIGHT,1
12.1866423905,46,SLIDE_RIGHT,1
12.1897362813,94,SLIDE_RIGHT,1
12.2021292812,95,SLIDE_LEFT,1
12.2028776687,41,UNBIND_NS,1
12.2130798632,63,BIND_NS,1
12.2319307781,38,SLIDE_LEFT,1
12.2336774047,76,UNBIND_NS,1
12.2498396352,9,UNBIND_NS,1
12.2658876876,32,SLIDE_RIGHT,1
12.2791023003,69,BIND_NS,1
12.2922289636,99,BIND_NS,1
12.2972333643,61,BIND_NS,1
12.3016078521,61,SLIDE_RIGHT,1
12.3046637486,48,UNBIND_NS,1
12.3073634272,47,SLIDE_RIGHT,1
12.3158386936,28,BIND_NS,1
12.3322783277,78,SLIDE_RIGHT,1
12.3342913406,27,SLIDE_LEFT,1
12.3393972362,82,BIND_NS,1
12.3405401873,71,UNBIND_NS,1
12.3448364377,55,BIND_NS,1
12.3454823948,13,SLIDE_LEFT,1
12.3473766978,37,SLIDE_RIGHT,1
12.3494183020,22,BIND_NS,1
12.3516263845,62,SLIDE_LEFT,1
12.3529208697,58,SLIDE_RIGHT,1
12.3532475879,88,SLIDE_LEFT,1
12.3557838832,50,SLIDE_RIGHT,1
12.3579608501,28,SLIDE_LEFT,1
12.3648794133,99,SLIDE_LEFT,1
12.3746272593,77,SLIDE_LEFT,1
12.3804693321,1,SLIDE_RIGHT,1
12.4025755542,94,SLIDE_RIGHT,1
12.4033238739,6,BIND_NS,1
12.4113646856,30,UNBIND_NS,1
12.4247791628,79,SLIDE_RIGHT,1
12.4287249684,73,SLIDE_RIGHT,1
12.4351785247,93,SLIDE_RIGHT,1
12.4362911878,6,SLIDE_LEFT,1
12.4382514068,49,UNBIND_NS,1
12.4535122406,48,SLIDE_RIGHT,1
12.4673139753,46,BIND_NS,1
12.4679820475,80,SLIDE_RIGHT,1
12.4725339925,5,SLIDE_RIGHT,1
12.4731406857,74,SLIDE_LEFT,1
12.4848926766,51,SLIDE_RIGHT,1
12.4917191981,91,SLIDE_LEFT,1
12.4936756512,31,SLIDE_LEFT,1
12.4979349435,92,BIND_NS,1
12.5033850550,45,BIND_NS,1
12.5099192010,14,SLIDE_RIGHT,1
12.5163084846,26,UNBIND_NS,1
12.5166999639,94,UNBIND_NS,1
12.5186527898,49,SLIDE_LEFT,1
12.5227664212,24,SLIDE_LEFT,1
12.5232616182,66,UNBIND_NS,1
12.5267410463,36,UNBIND_NS,1
12.5283751454,6,UNBIND_NS,1
12.5297454202,76,UNBIND_NS,1
12.5327143695,69,SLIDE_RIGHT,1
12.5360431151,51,BIND_NS,1
12.5412650410,73,SLIDE_RIGHT,1
12.5437975471,29,UNBIND_NS,1
12.5497482272,10,UNBIND_NS,1
12.5536518775,63,SLIDE_LEFT,1
12.5562192369,33,SLIDE_LEFT,1
12.5564277737,10,BIND_NS,1
12.5670906202,95,SLIDE_LEFT,1
12.5718169530,2,SLIDE_RIGHT,1
12.5826401637,48,UNBIND_NS,1
12.5880344471,90,SLIDE_RIGHT,1
12.6038058130,55,SLIDE_RIGHT,1
12.6159105262,51,SLIDE_LEFT,1
12.6163446389,69,BIND_NS,1
12.6322293894,81,SLIDE_LEFT,1
12.6487711054,69,SLIDE_LEFT,1
12.6499467600,64,SLIDE_LEFT,1
12.6577982251,84,BIND_NS,1
12.6586688456,62,UNBIND_NS,1
12.6675424203,53,UNBIND_NS,1
12.6743561336,40,UNBIND_NS,1
12.6755012115,74,SLIDE_LEFT,1
12.6849275887,94,SLIDE_RIGHT,1
12.6978605179,59,SLIDE_LEFT,1
12.7055087048,68,SLIDE_LEFT,1
12.7090162615,15,SLIDE_RIGHT,1
12.7135092005,60,BIND_NS,1
12.7149582475,67,SLIDE_RIGHT,1
12.7216924260,35,SLIDE_RIGHT,1
12.7218528322,16,SLIDE_LEFT,1
12.7231026825,73,UNBIND_NS,1
12.7254601103,98,SLIDE_RIGHT,1
12.7299145931,44,SLIDE_LEFT,1
12.7313374892,3,SLIDE_RIGHT,1
12.7367936641,65,UNBIND_NS,1
12.7393867797,68,SLIDE_RIGHT,1
12.7425414718,82,SLIDE_LEFT,1
12.7431380484,58,SLIDE_RIGHT,1
12.7517944459,87,SLIDE_RIGHT,1
12.7609875873,0,UNBIND_NS,1
12.7656705401,54,SLIDE_RIGHT,1
12.7786687909,27,UNBIND_NS,1
12.7822974306,88,SLIDE_LEFT,1
12.7862369593,55,SLIDE_LEFT,1
12.8114538931,77,BIND_NS,1
12.8134766587,13,BIND_NS,1
12.8154419481,91,UNBIND_NS,1
12.8235936741,99,SLIDE_LEFT,1
12.8303330076,64,BIND_NS,1
12.8341751629,13,SLIDE_RIGHT,1
12.8394759908,52,SLIDE_LEFT,1
12.8471667654,60,UNBIND_NS,1
12.8520248647,80,SLIDE_LEFT,1
12.8521082604,77,SLIDE_RIGHT,1
12.8547674804,4,UNBIND_NS,1
12.8594271364,99,BIND_NS,1
12.8680238727,86,UNBIND_NS,1
12.8691573476,87,SLIDE_LEFT,1
12.8721176050,21,UNBIND_NS,1
12.8795995502,17,BIND_NS,1
12.8898891811,12,SLIDE_LEFT,1
12.8940360367,36,SLIDE_LEFT,1
12.8988631077,65,BIND_NS,1
12.9061906613,75,SLIDE_RIGHT,1
12.9154500415,17,SLIDE_RIGHT,1
12.9160809009,48,BIND_NS,1
12.9187151106,87,BIND_NS,1
12.9193896222,85,BIND_NS,1
12.9289005128,48,SLIDE_LEFT,1
12.9297527507,49,BIND_NS,1
12.9299058730,45,UNBIND_NS,1
12.9428701456,56,SLIDE_RIGHT,1
12.9452439862,22,SLIDE_LEFT,1
12.9477255107,99,UNBIND_NS,1
12.9522523567,87,SLIDE_RIGHT,1
12.9572205194,76,SLIDE_RIGHT,1
12.9648366738,18,UNBIND_NS,1
12.9654640501,92,SLIDE_RIGHT,1
12.9710156585,57,SLIDE_RIGHT,1
12.9830890502,86,SLIDE_RIGHT,1
12.9858665208,23,UNBIND_NS,1
12.9897639346,14,SLIDE_LEFT,1
12.9976029505,56,BIND_NS,1
12.9976688126,72,SLIDE_RIGHT,1
13.0061570197,63,SLIDE_LEFT,1
13.0091119654,15,SLIDE_LEFT,1
13.0124607770,65,SLIDE_RIGHT,1
13.0128160373,59,SLIDE_RIGHT,1
13.0131994492,48,BIND_NS,1
13.0191905915,62,SLIDE_RIGHT,1
13.0232293477,81,SLIDE_RIGHT,1
13.0253345932,93,SLIDE_LEFT,1
13.0340881424,21,SLIDE_RIGHT,1
13.0341851143,39,UNBIND_NS,1
13.0347616497,79,SLIDE_RIGHT,1
13.0351516149,30,UNBIND_NS,1
13.0383181473,10,SLIDE_LEFT,1
13.0415148216,92,SLIDE_LEFT,1
13.0420946187,77,SLIDE_LEFT,1
13.0433366211,9,SLIDE_LEFT,1
13.0457302732,43,SLIDE_RIGHT,1
13.0476491615,57,BIND_NS,1
13.0548850043,54,SLIDE_RIGHT,1
13.0572631832,64,SLIDE_RIGHT,1
13.0625682477,32,UNBIND_NS,1
13.0668622933,63,UNBIND_NS,1
13.0762829854,76,SLIDE_RIGHT,1
13.0780376377,6,BIND_NS,1
13.0849535418,65,SLIDE_LEFT,1
13.0898812074,64,SLIDE_LEFT,1
13.1125806040,66,SLIDE_LEFT,1
13.1138963915,15,BIND_NS,1
13.1171461302,30,BIND_NS,1
13.1231000980,61,UNBIND_NS,1
13.1231677391,8,UNBIND_NS,1
13.1280622223,89,UNBIND_NS,1
13.1458826108,91,SLIDE_RIGHT,1
13.1523898155,44,SLIDE_RIGHT,1
13.1527882020,73,SLIDE_RIGHT,1
13.1634871595,63,SLIDE_LEFT,1
13.1690270051,88,UNBIND_NS,1
13.1754780212,85,SLIDE_RIGHT,1
13.1806250788,21,BIND_NS,1
13.1885872935,50,UNBIND_NS,1
13.1898173807,6,SLIDE_LEFT,1
13.1948184924,65,SLIDE_RIGHT,1
13.1987123862,5,SLIDE_LEFT,1
13.2030652272,78,SLIDE_RIGHT,1
13.2067001245,30,SLIDE_RIGHT,1
13.2263905979,62,SLIDE_LEFT,1
13.2486777104,95,SLIDE_LEFT,1
13.2509021570,70,SLIDE_RIGHT,1
13.2514155533,82,SLIDE_RIGHT,1
13.2542441634,32,BIND_NS,1
13.2549097813,73,BIND_NS,1
13.2605996101,71,UNBIND_NS,1
13.2954880694,31,SLIDE_LEFT,1
13.2977218847,79,UNBIND_NS,1
13.2994589124,94,SLIDE_LEFT,1
13.3036766378,43,BIND_NS,1
13.3123370279,70,BIND_NS,1
13.3199268153,32,SLIDE_LEFT,1
13.3253147610,72,BIND_NS,1
13.3315857937,30,SLIDE_LEFT,1
13.3422136838,98,SLIDE_RIGHT,1
13.3431046114,77,SLIDE_RIGHT,1
13.3606234864,68,BIND_NS,1
13.3644810188,12,BIND_NS,1
13.3714264150,97,BIND_NS,1
13.3730995786,43,SLIDE_LEFT,1
13.3735122415,29,SLIDE_LEFT,1
13.3775365785,70,UNBIND_NS,1
13.3937317799,80,SLIDE_LEFT,1
13.3958063123,11,SLIDE_LEFT,1
13.4127016283,99,SLIDE_LEFT,1
13.4206731087,69,SLIDE_RIGHT,1
13.4258567956,38,SLIDE_RIGHT,1
13.4275908276,31,SLIDE_LEFT,1
13.4280891069,61,SLIDE_RIGHT,1
13.4321448881,52,BIND_NS,1
13.4421699878,86,SLIDE_LEFT,1
13.4496504200,32,BIND_NS,1
13.4633771856,31,BIND_NS,1
13.4692737330,42,UNBIND_NS,1
13.4697914443,52,UNBIND_NS,1
13.4712781179,10,SLIDE_RIGHT,1
13.4722638423,45,UNBIND_NS,1
13.4773509524,68,SLIDE_LEFT,1
13.4828201838,67,SLIDE_RIGHT,1
13.4858563089,35,SLIDE_RIGHT,1
13.4906369847,97,UNBIND_NS,1
13.4942430188,45,BIND_NS,1
13.4982171393,49,SLIDE_RIGHT,1
13.5051033778,4,SLIDE_RIGHT,1
13.5129876955,66,UNBIND_NS,1
13.5136841649,72,SLIDE_LEFT,1
13.5166533127,28,UNBIND_NS,1
13.5174535491,36,SLIDE_LEFT,1
13.5180816960,32,SLIDE_RIGHT,1
13.5187568082,98,SLIDE_LEFT,1
13.5198993750,97,SLIDE_LEFT,1
13.5248397332,85,SLIDE_RIGHT,1
13.5375844778,48,SLIDE_RIGHT,1
13.5392732098,39,UNBIND_NS,1
13.5515321231,71,SLIDE_RIGHT,1
13.5560636532,71,BIND_NS,1
13.5726698275,12,UNBIND_NS,1
13.5769881023,83,SLIDE_LEFT,1
13.5809301959,70,SLIDE_LEFT,1
13.5810514360,91,BIND_NS,1
13.5867983976,1,BIND_NS,1
13.5901782905,66,BIND_NS,1
13.5980913618,58,SLIDE_RIGHT,1
13.5988553232,59,SLIDE_LEFT,1
13.6051878713,82,SLIDE_LEFT,1
13.6086522908,8,BIND_NS,1
13.6113235925,96,SLIDE_LEFT,1
13.6139627584,54,BIND_NS,1
13.6415697662,72,UNBIND_NS,1
13.6427456005,31,SLIDE_RIGHT,1
13.6456729211,81,SLIDE_LEFT,1
13.6468543840,33,UNBIND_NS,1
13.6595231616,66,SLIDE_LEFT,1
13.6632057532,96,BIND_NS,1
13.6652163659,91,SLIDE_LEFT,1
13.6654217227,68,SLIDE_LEFT,1
13.6790613276,65,SLIDE_LEFT,1
13.6881457586,30,SLIDE_RIGHT,1
13.6885232978,28,BIND_NS,1
13.6896664982,60,UNBIND_NS,1
13.6902180135,71,SLIDE_LEFT,1
13.7109523090,93,SLIDE_RIGHT,1
13.7172320019,13,SLIDE_LEFT,1
13.7322676352,58,SLIDE_RIGHT,1
13.7358942813,67,SLIDE_RIGHT,1
13.7375427781,57,SLIDE_RIGHT,1
13.7410187569,49,UNBIND_NS,1
13.7440785133,84,SLIDE_LEFT,1
13.7553057068,12,UNBIND_NS,1
13.7622182561,59,UNBIND_NS,1
13.7658742105,98,BIND_NS,1
13.7707457333,36,BIND_NS,1
13.7714409155,91,BIND_NS,1
13.7794527615,96,SLIDE_RIGHT,1
13.7804312594,54,SLIDE_LEFT,1
13.7805964152,74,UNBIND_NS,1
13.7890428170,32,SLIDE_RIGHT,1
13.7909637787,68,SLIDE_LEFT,1
13.8069047135,27,BIND_NS,1
13.8079058496,31,SLIDE_RIGHT,1
13.8175609758,73,SLIDE_RIGHT,1
13.8214707227,62,SLIDE_LEFT,1
13.8343758500,71,BIND_NS,1
13.8380567206,36,SLIDE_RIGHT,1
13.8389923844,14,SLIDE_LEFT,1
13.8481321341,86,SLIDE_LEFT,1
13.8591830052,61,SLIDE_LEFT,1
13.8642617850,50,UNBIND_NS,1
13.8675268897,27,SLIDE_LEFT,1
13.8770406154,41,BIND_NS,1
13.8800987093,67,SLIDE_RIGHT,1
13.8810916187,37,UNBIND_NS,1
13.8857355246,37,BIND_NS,1
13.8872456252,95,SLIDE_RIGHT,1
13.8960349660,55,SLIDE_LEFT,1
13.8984651112,31,BIND_NS,1
13.9009030054,33,SLIDE_RIGHT,1
13.9034920178,96,SLIDE_LEFT,1
13.9074052297,13,SLIDE_LEFT,1
13.9085875806,8,SLIDE_RIGHT,1
13.9132484954,97,SLIDE_LEFT,1
13.9231458444,21,UNBIND_NS,1
13.9238287822,15,SLIDE_LEFT,1
13.9327207887,60,SLIDE_LEFT,1
13.9343319601,9,UNBIND_NS,1
13.9357829200,22,SLIDE_LEFT,1
13.9481416134,71,SLIDE_RIGHT,1
13.9504959979,55,BIND_NS,1
13.9518925068,96,SLIDE_RIGHT,1
13.9523058949,45,UNBIND_NS,1
13.9564301403,12,SLIDE_RIGHT,1
13.9613181488,14,SLIDE_RIGHT,1
13.9617181286,78,SLIDE_LEFT,1
13.9630874811,85,SLIDE_LEFT,1
13.9659726379,83,UNBIND_NS,1
13.9682754304,79,SLIDE_LEFT,1
13.9684575897,21,SLIDE_LEFT,1
13.9694783743,87,SLIDE_RIGHT,1
13.9695639664,34,SLIDE_LEFT,1
13.9708009203,88,SLIDE_RIGHT,1
13.9733616423,84,UNBIND_NS,1
13.9746077326,20,SLIDE_LEFT,1
13.9830517954,1,SLIDE_RIGHT,1
13.9832898773,15,SLIDE_RIGHT,1
13.9959036874,3,BIND_NS,1
14.0064862448,96,BIND_NS,1
14.0076705476,59,UNBIND_NS,1
14.0093585558,70,UNBIND_NS,1
14.0184876959,80,UNBIND_NS,1
14.0227544052,91,UNBIND_NS,1
14.0252076551,19,UNBIND_NS,1
14.0272571678,89,SLIDE_LEFT,1
14.0314217582,46,SLIDE_LEFT,1
14.0328621782,88,SLIDE_RIGHT,1
14.0343503264,28,UNBIND_NS,1
14.0373145906,3,SLIDE_RIGHT,1
14.0392612474,92,UNBIND_NS,1
14.0441174043,32,UNBIND_NS,1
14.0468368471,58,SLIDE_RIGHT,1
14.0841616278,37,SLIDE_RIGHT,1
14.0929788089,47,SLIDE_LEFT,1
14.0936358814,72,SLIDE_RIGHT,1
14.0945296864,26,SLIDE_RIGHT,1
14.1024207748,56,SLIDE_RIGHT,1
14.1088505277,11,SLIDE_RIGHT,1
14.1117226777,78,SLIDE_RIGHT,1
14.1219735453,91,BIND_NS,1
14.1238693623,57,SLIDE_RIGHT,1
14.1426939830,46,SLIDE_RIGHT,1
14.1459391565,33,SLIDE_LEFT,1
14.1515740299,55,SLIDE_RIGHT,1
14.1566239756,45,SLIDE_RIGHT,1
14.1645079343,54,SLIDE_RIGHT,1
14.1676672189,41,SLIDE_LEFT,1
14.1754740276,16,SLIDE_RIGHT,1
14.1875839145,13,SLIDE_RIGHT,1
14.1895211887,64,UNBIND_NS,1
14.1908902562,51,UNBIND_NS,1
14.1953226205,38,SLIDE_LEFT,1
14.2014334708,35,SLIDE_LEFT,1
14.2023548162,10,BIND_NS,1
14.2028645704,2,SLIDE_RIGHT,1
14.2042417898,90,UNBIND_NS,1
14.2057964249,79,SLIDE_LEFT,1
14.2110562405,94,UNBIND_NS,1
14.2187021686,51,BIND_NS,1
14.2228664235,53,SLIDE_RIGHT,1
14.2257215470,76,BIND_NS,1
14.2380895336,40,SLIDE_RIGHT,1
14.2439222606,86,BIND_NS,1
14.2587694286,30,BIND_NS,1
14.2635178134,17,SLIDE_RIGHT,1
14.2688147030,68,SLIDE_LEFT,1
14.2783390026,91,SLIDE_RIGHT,1
14.2926917305,30,SLIDE_LEFT,1
14.2998853087,86,SLIDE_RIGHT,1
14.3200588023,78,SLIDE_RIGHT,1
14.3322761159,29,SLIDE_RIGHT,1
14.3333220710,93,BIND_NS,1
14.3344800905,37,SLIDE_LEFT,1
14.3390808755,21,BIND_NS,1
14.3400039271,79,SLIDE_LEFT,1
14.3473325376,89,UNBIND_NS,1
14.3537807658,51,UNBIND_NS,1
14.3657695951,67,UNBIND_NS,1
14.3679898925,36,SLIDE_LEFT,1
14.3792920008,17,BIND_NS,1
14.3938887282,58,SLIDE_LEFT,1
14.4070628124,14,UNBIND_NS,1
14.4080234736,5,SLIDE_RIGHT,1
14.4098497888,51,BIND_NS,1
14.4105727863,51,SLIDE_LEFT,1
14.4435546832,6,UNBIND_NS,1
14.4443981653,77,UNBIND_NS,1
14.4480243738,13,BIND_NS,1
14.4493615951,47,UNBIND_NS,1
14.4735836550,87,SLIDE_LEFT,1
14.4907187761,18,SLIDE_RIGHT,1
14.4949182638,80,BIND_NS,1
14.5280308808,20,BIND_NS,1
14.5413431875,19,SLIDE_LEFT,1
14.5508224522,41,UNBIND_NS,1
14.5513074980,57,SLIDE_RIGHT,1
14.5545621680,52,BIND_NS,1
14.5623729695,86,SLIDE_RIGHT,1
14.5743676962,78,SLIDE_RIGHT,1
14.5744892576,50,SLIDE_RIGHT,1
14.5746499231,24,BIND_NS,1
14.5749681070,13,SLIDE_RIGHT,1
14.5828185358,68,BIND_NS,1
14.6016944337,93,SLIDE_RIGHT,1
14.6173845135,10,SLIDE_RIGHT,1
14.6306891902,59,SLIDE_RIGHT,1
14.6386948024,32,SLIDE_RIGHT,1
14.6418395790,60,SLIDE_LEFT,1
14.6441115480,94,SLIDE_LEFT,1
14.6468628759,98,SLIDE_RIGHT,1
14.6578397045,69,SLIDE_RIGHT,1
14.6748382410,20,SLIDE_LEFT,1
14.6752380013,87,SLIDE_LEFT,1
14.6799009667,30,SLIDE_LEFT,1
14.6948022366,55,UNBIND_NS,1
14.6981490767,79,SLIDE_LEFT,1
14.7011578356,3,SLIDE_LEFT,1
14.7025636805,11,UNBIND_NS,1
14.7054101760,74,SLIDE_RIGHT,1
14.7059684612,31,SLIDE_LEFT,1
14.7120365248,73,UNBIND_NS,1
14.7135837730,56,SLIDE_RIGHT,1
14.7141153937,14,SLIDE_RIGHT,1
14.7159114428,93,SLIDE_RIGHT,1
14.7186763683,54,SLIDE_RIGHT,1
14.7200848481,57,SLIDE_LEFT,1
14.7297725934,12,UNBIND_NS,1
14.7347381895,27,UNBIND_NS,1
14.7592599768,73,BIND_NS,1
14.7644580470,48,BIND_NS,1
14.7780112178,46,SLIDE_LEFT,1
14.7787238935,68,SLIDE_RIGHT,1
14.7810164450,70,SLIDE_RIGHT,1
14.7821550864,75,UNBIND_NS,1
14.7901378494,84,BIND_NS,1
14.7923411073,56,SLIDE_RIGHT,1
14.7923835935,14,BIND_NS,1
14.8016829612,44,BIND_NS,1
14.8040944269,44,UNBIND_NS,1
14.8089587112,11,BIND_NS,1
14.8095302078,11,SLIDE_LEFT,1
14.8175285189,48,SLIDE_RIGHT,1
14.8245699052,86,SLIDE_RIGHT,1
14.8318822135,87,SLIDE_LEFT,1
14.8325805877,21,SLIDE_LEFT,1
14.8468085907,71,SLIDE_RIGHT,1
14.8488555829,61,BIND_NS,1
14.8508513338,68,BIND_NS,1
14.8592822375,17,SLIDE_LEFT,1
14.8793256627,55,SLIDE_LEFT,1
14.8830879407,97,UNBIND_NS,1
14.8975962102,61,SLIDE_RIGHT,1
14.9222663492,58,UNBIND_NS,1
14.9280829177,76,SLIDE_RIGHT,1
14.9284935766,3,BIND_NS,1
14.9456238083,94,UNBIND_NS,1
14.9553300853,61,BIND_NS,1
14.9621909097,96,SLIDE_RIGHT,1
14.9653918703,18,SLIDE_LEFT,1
14.9733017190,57,SLIDE_LEFT,1
14.9799454132,22,BIND_NS,1
14.9816429771,58,BIND_NS,1
14.9889987933,68,SLIDE_LEFT,1
14.9901819266,99,SLIDE_LEFT,1
14.9941766433,84,SLIDE_LEFT,1
14.9942902728,20,SLIDE_RIGHT,1
14.9964815253,35,UNBIND_NS,1
15.0009230643,97,SLIDE_LEFT,1
15.0046679992,10,SLIDE_RIGHT,1
15.0129086202,69,SLIDE_RIGHT,1
15.0237302922,19,SLIDE_LEFT,1
15.0543824388,80,UNBIND_NS,1
15.0631976380,67,SLIDE_RIGHT,1
15.0712840034,62,SLIDE_RIGHT,1
15.0751639592,4,UNBIND_NS,1
15.0761057863,14,SLIDE_LEFT,1
15.0930216624,98,UNBIND_NS,1
15.0960345541,86,SLIDE_RIGHT,1
15.1023707215,67,BIND_NS,1
15.1114413691,58,SLIDE_LEFT,1
15.1149414583,56,SLIDE_LEFT,1
15.1160905496,61,SLIDE_LEFT,1
15.1242678567,80,BIND_NS,1
15.1250837273,96,SLIDE_RIGHT,1
15.1268669376,70,SLIDE_RIGHT,1
15.1287538640,33,SLIDE_LEFT,1
15.1299468583,10,BIND_NS,1
15.1369227282,87,SLIDE_RIGHT,1
15.1453770992,16,UNBIND_NS,1
15.1538291014,18,UNBIND_NS,1
15.1560562657,73,SLIDE_RIGHT,1
15.1565051555,14,BIND_NS,1
15.1575639668,95,SLIDE_LEFT,1
15.1578578432,24,SLIDE_RIGHT,1
15.1689855415,58,BIND_NS,1
15.1698633486,32,SLIDE_LEFT,1
15.1823226192,39,BIND_NS,1
15.1902971119,77,SLIDE_LEFT,1
15.2018913918,10,SLIDE_LEFT,1
15.2119472427,25,SLIDE_RIGHT,1
15.2121291598,92,SLIDE_LEFT,1
15.2132738375,68,SLIDE_RIGHT,1
15.2134122106,34,SLIDE_LEFT,1
15.2186114116,39,SLIDE_RIGHT,1
15.2246935409,94,SLIDE_LEFT,1
15.2284839110,9,SLIDE_LEFT,1
15.2291459493,3,SLIDE_RIGHT,1
15.2350563391,15,SLIDE_RIGHT,1
15.2444785409,73,BIND_NS,1
15.2650581174,57,SLIDE_LEFT,1
15.2810770708,91,SLIDE_RIGHT,1
15.2824093734,87,BIND_NS,1
15.2911012099,36,BIND_NS,1
15.2959059744,33,SLIDE_RIGHT,1
15.2981429441,40,UNBIND_NS,1
15.3020142600,36,SLIDE_RIGHT,1
15.3021495132,14,SLIDE_RIGHT,1
15.3053869385,49,UNBIND_NS,1
15.3090621738,2,SLIDE_LEFT,1
15.3181584882,26,SLIDE_RIGHT,1
15.3229860140,78,SLIDE_LEFT,1
15.3256928265,83,SLIDE_RIGHT,1
15.3291757557,84,SLIDE_LEFT,1
15.3372699082,41,BIND_NS,1
15.3415025272,65,BIND_NS,1
15.3544698691,1,SLIDE_RIGHT,1
15.3772505650,26,BIND_NS,1
15.3803496028,27,UNBIND_NS,1
15.3867989831,92,SLIDE_LEFT,1
15.3895342265,37,SLIDE_LEFT,1
15.3977626287,7,BIND_NS,1
15.4049015930,64,BIND_NS,1
15.4067065216,36,SLIDE_RIGHT,1
15.4078176283,4,SLIDE_RIGHT,1
15.4080374282,13,UNBIND_NS,1
15.4153134268,73,UNBIND_NS,1
15.4223999938,83,SLIDE_RIGHT,1
15.4246075225,76,SLIDE_LEFT,1
15.4277352347,58,UNBIND_NS,1
15.4295695143,83,BIND_NS,1
15.4317134989,2,SLIDE_RIGHT,1
15.4364027979,93,UNBIND_NS,1
15.4392667580,88,SLIDE_RIGHT,1
15.4430111359,95,BIND_NS,1
15.4534342561,0,BIND_NS,1
15.4545286933,22,SLIDE_RIGHT,1
15.4562530297,50,BIND_NS,1
15.4581350810,36,BIND_NS,1
15.4654640093,29,SLIDE_LEFT,1
15.4775360524,7,SLIDE_LEFT,1
15.4812855801,59,UNBIND_NS,1
15.4845490907,80,SLIDE_RIGHT,1
15.4990937162,21,SLIDE_LEFT,1
15.5001259583,19,BIND_NS,1
15.5017909706,22,BIND_NS,1
15.5047746907,0,SLIDE_RIGHT,1
15.5081202862,34,UNBIND_NS,1
15.5087739388,13,BIND_NS,1
15.5228616182,11,UNBIND_NS,1
15.5242050499,31,SLIDE_RIGHT,1
15.5296257515,67,SLIDE_RIGHT,1
15.5410429970,43,BIND_NS,1
15.5463005820,77,SLIDE_LEFT,1
15.5503812611,14,BIND_NS,1
15.5511335538,81,SLIDE_RIGHT,1
15.5548987413,3,SLIDE_LEFT,1
15.5643800323,12,BIND_NS,1
15.5726734205,84,SLIDE_RIGHT,1
15.5740793014,12,UNBIND_NS,1
15.5784477628,91,SLIDE_RIGHT,1
15.5787876153,83,SLIDE_RIGHT,1
15.5853378678,41,SLIDE_LEFT,1
15.5915236364,71,SLIDE_LEFT,1
15.5938825803,56,UNBIND_NS,1
15.5988099366,8,SLIDE_LEFT,1
15.6011317935,89,SLIDE_LEFT,1
15.6159901380,82,SLIDE_RIGHT,1
15.6270269336,36,SLIDE_LEFT,1
15.6281767204,76,UNBIND_NS,1
15.6337013447,5,SLIDE_LEFT,1
15.6522329394,13,SLIDE_LEFT,1
15.6557063393,40,SLIDE_RIGHT,1
15.6594183048,45,SLIDE_LEFT,1
15.6624189365,97,SLIDE_RIGHT,1
15.6714043095,89,BIND_NS,1
15.6828604721,37,SLIDE_RIGHT,1
15.6895100353,35,SLIDE_LEFT,1
15.6907290873,18,BIND_NS,1
15.6940692063,25,BIND_NS,1
15.6978123171,72,SLIDE_RIGHT,1
15.7010805034,28,SLIDE_RIGHT,1
15.7032265869,71,BIND_NS,1
15.7096997386,25,UNBIND_NS,1
15.7131274987,4,SLIDE_LEFT,1
15.7260449428,77,BIND_NS,1
15.7387928904,82,BIND_NS,1
15.7460418475,6,UNBIND_NS,1
15.7470177747,41,SLIDE_LEFT,1
15.7511162981,95,SLIDE_RIGHT,1
15.7549427377,29,UNBIND_NS,1
15.7574944932,91,BIND_NS,1
15.7704428951,22,SLIDE_LEFT,1
15.7708215757,14,SLIDE_LEFT,1
15.7754191779,28,BIND_NS,1
15.7791308658,55,SLIDE_RIGHT,1
15.7796549960,84,UNBIND_NS,1
15.7811613252,8,BIND_NS,1
15.7816363540,76,BIND_NS,1
15.7839515481,60,SLIDE_RIGHT,1
15.7871173004,43,SLIDE_LEFT,1
15.7886276821,40,SLIDE_LEFT,1
15.7964471007,44,SLIDE_LEFT,1
15.8063351136,7,SLIDE_LEFT,1
15.8081375563,61,SLIDE_RIGHT,1
15.8087918852,89,SLIDE_RIGHT,1
15.8142736865,85,SLIDE_LEFT,1
15.8239280098,52,SLIDE_RIGHT,1
15.8327777121,68,SLIDE_LEFT,1
15.8343271287,26,SLIDE_RIGHT,1
15.8353769408,21,UNBIND_NS,1
15.8417515508,15,UNBIND_NS,1
15.8646073448,20,SLIDE_RIGHT,1
15.8689122776,87,SLIDE_LEFT,1
15.8742502235,27,SLIDE_LEFT,1
15.8802138843,65,SLIDE_RIGHT,1
15.8805279102,16,UNBIND_NS,1
15.8816795215,96,SLIDE_LEFT,1
15.8835388973,39,UNBIND_NS,1
15.8884758197,14,BIND_NS,1
15.8968910890,10,BIND_NS,1
15.8989428137,10,SLIDE_LEFT,1
15.9013361280,30,SLIDE_LEFT,1
15.9021961592,34,SLIDE_RIGHT,1
15.9054573015,90,SLIDE_LEFT,1
15.9056714130,12,UNBIND_NS,1
15.9078846414,24,BIND_NS,1
15.9084584680,95,SLIDE_LEFT,1
15.9154780080,33,BIND_NS,1
15.9160440622,88,SLIDE_LEFT,1
15.9291889590,21,SLIDE_LEFT,1
15.9365570965,33,UNBIND_NS,1
15.9405208789,0,BIND_NS,1
15.9420901840,3,SLIDE_RIGHT,1
15.9543584175,69,SLIDE_LEFT,1
15.9573717261,92,UNBIND_NS,1
15.9587831065,53,SLIDE_LEFT,1
15.9622217170,98,SLIDE_LEFT,1
15.9811447505,84,SLIDE_RIGHT,1
15.9825162210,38,SLIDE_LEFT,1
15.9994263563,51,UNBIND_NS,1
16.0044253016,56,UNBIND_NS,1
16.0057258788,50,UNBIND_NS,1
16.0066091092,64,SLIDE_RIGHT,1
16.0142411022,43,SLIDE_RIGHT,1
16.0211456948,94,SLIDE_LEFT,1
16.0256246873,4,SLIDE_RIGHT,1
16.0323194049,82,SLIDE_LEFT,1
16.0338468743,62,SLIDE_LEFT,1
16.0403299890,54,SLIDE_RIGHT,1
16.0516083585,67,UNBIND_NS,1
16.0775218273,9,UNBIND_NS,1
16.0850000125,32,SLIDE_RIGHT,1
16.0902753459,91,SLIDE_RIGHT,1
16.0920824415,61,SLIDE_RIGHT,1
16.0938164656,24,UNBIND_NS,1
16.1078552630,30,BIND_NS,1
16.1146134929,63,SLIDE_RIGHT,1
16.1168608380,78,BIND_NS,1
16.1213338090,87,UNBIND_NS,1
16.1360475806,58,BIND_NS,1
16.1386314665,20,SLIDE_RIGHT,1
16.1583858427,83,SLIDE_RIGHT,1
16.1600672636,81,SLIDE_LEFT,1
16.1638901744,14,SLIDE_RIGHT,1
16.1735100787,62,UNBIND_NS,1
16.1808968681,33,SLIDE_RIGHT,1
16.1900387188,80,SLIDE_LEFT,1
16.1910874169,23,SLIDE_LEFT,1
16.1948285524,89,SLIDE_LEFT,1
16.2062356945,98,BIND_NS,1
16.2131075385,9,BIND_NS,1
16.2142551127,45,BIND_NS,1
16.2161126699,21,SLIDE_LEFT,1
16.2248834479,6,SLIDE_RIGHT,1
16.2259989286,79,SLIDE_RIGHT,1
16.2328512736,13,SLIDE_LEFT,1
16.2435520799,49,BIND_NS,1
16.2521293277,70,SLIDE_LEFT,1
16.2527627301,45,UNBIND_NS,1
16.2548122496,94,BIND_NS,1
16.2586148787,86,SLIDE_RIGHT,1
16.2701863116,37,SLIDE_RIGHT,1
16.2738211312,66,SLIDE_RIGHT,1
16.2854246733,22,SLIDE_LEFT,1
16.2940228691,42,SLIDE_LEFT,1
16.3041870243,94,SLIDE_RIGHT,1
16.3144839358,2,SLIDE_RIGHT,1
16.3231520096,69,SLIDE_RIGHT,1
16.3352768425,73,SLIDE_LEFT,1
16.3396974261,44,SLIDE_RIGHT,1
16.3482463595,85,UNBIND_NS,1
16.3545479549,15,SLIDE_RIGHT,1
16.3612017344,39,BIND_NS,1
16.3623105230,55,UNBIND_NS,1
16.3628813001,1,UNBIND_NS,1
16.3651967395,1,BIND_NS,1
16.3699184362,67,SLIDE_LEFT,1
16.3853471458,28,SLIDE_LEFT,1
16.3907759468,0,UNBIND_NS,1
16.3912469639,39,SLIDE_RIGHT,1
16.4145561451,92,SLIDE_LEFT,1
16.4164749601,40,SLIDE_LEFT,1
16.4166606253,10,BIND_NS,1
16.4195734854,64,SLIDE_LEFT,1
16.4295375241,52,SLIDE_LEFT,1
16.4309652633,91,SLIDE_LEFT,1
16.4309783248,58,SLIDE_LEFT,1
16.4382640582,45,SLIDE_LEFT,1
16.4384144030,29,SLIDE_LEFT,1
16.4447824019,19,UNBIND_NS,1
16.4593505800,57,SLIDE_LEFT,1
16.4788325442,5,SLIDE_RIGHT,1
16.4801799748,44,SLIDE_RIGHT,1
16.4857554783,49,SLIDE_RIGHT,1
16.4876505838,20,SLIDE_LEFT,1
16.4958955157,22,BIND_NS,1
16.5117448497,17,UNBIND_NS,1
16.5120409129,12,UNBIND_NS,1
16.5127572647,65,SLIDE_LEFT,1
16.5198312827,21,UNBIND_NS,1
16.5226182324,80,SLIDE_RIGHT,1
16.5276556959,41,UNBIND_NS,1
16.5341898391,97,SLIDE_LEFT,1
16.5345333249,38,SLIDE_LEFT,1
16.5448394982,84,SLIDE_RIGHT,1
16.5509294973,1,SLIDE_RIGHT,1
16.5517042021,54,BIND_NS,1
16.5610592973,56,SLIDE_RIGHT,1
16.5776518393,68,SLIDE_LEFT,1
16.5783041244,3,SLIDE_RIGHT,1
16.5849043609,79,BIND_NS,1
16.5878275587,2,SLIDE_RIGHT,1
16.5999590669,35,UNBIND_NS,1
16.6095983351,82,BIND_NS,1
16.6116219054,90,SLIDE_RIGHT,1
16.6283979489,98,SLIDE_LEFT,1
16.6436929678,37,SLIDE_RIGHT,1
16.6471822334,28,SLIDE_RIGHT,1
16.6544183272,84,BIND_NS,1
16.6610062175,63,SLIDE_LEFT,1
16.6820412860,45,SLIDE_LEFT,1
16.6854471051,64,UNBIND_NS,1
16.6863762337,79,SLIDE_RIGHT,1
16.6880307871,98,BIND_NS,1
16.7132800287,3,SLIDE_LEFT,1
16.7392303016,27,UNBIND_NS,1
16.7446203788,44,SLIDE_RIGHT,1
16.7525804489,20,BIND_NS,1
16.7705880255,74,SLIDE_LEFT,1
16.7784603196,71,UNBIND_NS,1
16.7785465785,8,UNBIND_NS,1
16.7801177955,54,SLIDE_LEFT,1
16.7825236227,45,SLIDE_LEFT,1
16.7865581386,27,BIND_NS,1
16.7941178073,4,SLIDE_RIGHT,1
16.8012130519,18,SLIDE_LEFT,1
16.8043159253,53,SLIDE_RIGHT,1
16.8064947806,44,SLIDE_LEFT,1
16.8165580769,44,BIND_NS,1
16.8195584554,72,SLIDE_LEFT,1
16.8286018363,45,BIND_NS,1
16.8364536989,75,SLIDE_LEFT,1
16.8394090502,16,SLIDE_LEFT,1
16.8398587414,25,BIND_NS,1
16.8564322674,29,SLIDE_LEFT,1
16.8591619835,54,SLIDE_RIGHT,1
16.8645159197,85,SLIDE_RIGHT,1
16.8688059655,29,BIND_NS,1
16.8697128120,74,SLIDE_RIGHT,1
16.8760299884,33,BIND_NS,1
16.8766643167,67,UNBIND_NS,1
16.8773560532,39,SLIDE_RIGHT,1
16.8781211836,22,UNBIND_NS,1
16.8981567175,2,SLIDE_RIGHT,1
16.8991037630,80,UNBIND_NS,1
16.8991374148,10,SLIDE_RIGHT,1
16.9119287288,55,SLIDE_LEFT,1
16.9139183998,27,UNBIND_NS,1
16.9141202649,57,SLIDE_LEFT,1
16.9188833275,8,BIND_NS,1
16.9215452455,51,SLIDE_RIGHT,1
16.9234771280,2,BIND_NS,1
16.9242855895,81,SLIDE_LEFT,1
16.9390320610,50,SLIDE_LEFT,1
16.9523763653,34,SLIDE_RIGHT,1
16.9575424159,15,SLIDE_LEFT,1
16.9585274766,5,SLIDE_LEFT,1
16.9685635038,83,BIND_NS,1
16.9804082524,11,UNBIND_NS,1
16.9834197811,73,SLIDE_RIGHT,1
16.9909138306,99,BIND_NS,1
16.9922817479,95,UNBIND_NS,1
17.0070370986,28,SLIDE_LEFT,1
17.0072585673,38,SLIDE_LEFT,1
17.0082965412,29,SLIDE_LEFT,1
17.0089259174,86,UNBIND_NS,1
17.0101351806,37,SLIDE_RIGHT,1
17.0153882255,6,UNBIND_NS,1
17.0320375260,30,SLIDE_LEFT,1
17.0335351413,39,BIND_NS,1
17.0407311049,54,SLIDE_LEFT,1
17.0412362656,66,SLIDE_RIGHT,1
17.0419139457,36,BIND_NS,1
17.0469722446,74,UNBIND_NS,1
17.0481809356,80,SLIDE_RIGHT,1
17.0580056597,9,SLIDE_RIGHT,1
17.0696214392,93,SLIDE_LEFT,1
17.0771915807,91,SLIDE_LEFT,1
17.0828899374,2,SLIDE_LEFT,1
17.0836299635,2,BIND_NS,1
17.0948822920,87,SLIDE_LEFT,1
17.1086954155,90,UNBIND_NS,1
17.1186948688,49,SLIDE_RIGHT,1
17.1249472353,81,SLIDE_LEFT,1
17.1260213402,71,SLIDE_RIGHT,1
17.1279673936,72,SLIDE_LEFT,1
17.1423749563,50,SLIDE_RIGHT,1
17.1504022292,33,UNBIND_NS,1
17.1547934202,29,SLIDE_RIGHT,1
17.1550100641,36,SLIDE_RIGHT,1
17.1752213842,76,UNBIND_NS,1
17.1829393040,87,BIND_NS,1
17.1835996816,56,UNBIND_NS,1
17.1858957281,82,SLIDE_LEFT,1
17.1954882034,8,UNBIND_NS,1
17.1999207574,7,UNBIND_NS,1
17.2002406080,93,BIND_NS,1
17.2219627750,30,UNBIND_NS,1
17.2227737750,51,SLIDE_LEFT,1
17.2318504796,67,SLIDE_RIGHT,1
17.2340735744,84,SLIDE_RIGHT,1
17.2466719757,83,SLIDE_RIGHT,1
17.2476781280,1,SLIDE_LEFT,1
17.2483665639,35,SLIDE_LEFT,1
17.2540013298,45,UNBIND_NS,1
17.2583265984,76,BIND_NS,1
17.2662687978,81,SLIDE_RIGHT,1
17.2695230122,50,SLIDE_LEFT,1
17.2723056725,84,SLIDE_LEFT,1
17.2749839384,19,SLIDE_LEFT,1
17.2786241217,62,UNBIND_NS,1
17.2922832343,21,BIND_NS,1
17.3083295444,58,BIND_NS,1
17.3128426180,68,UNBIND_NS,1
17.3129377179,88,SLIDE_RIGHT,1
17.3214224638,63,BIND_NS,1
17.3314005376,78,SLIDE_RIGHT,1
17.3366827585,91,BIND_NS,1
17.3421186903,67,BIND_NS,1
17.3518341416,42,BIND_NS,1
17.3599370051,1,BIND_NS,1
17.3681833005,58,SLIDE_RIGHT,1
17.3751894420,18,UNBIND_NS,1
17.3858569501,51,BIND_NS,1
17.3869193411,80,SLIDE_RIGHT,1
17.3885082385,53,SLIDE_RIGHT,1
17.3886225096,61,BIND_NS,1
17.3898168356,45,BIND_NS,1
17.3938751170,85,SLIDE_LEFT,1
17.3958489275,87,SLIDE_RIGHT,1
17.4033538411,21,SLIDE_RIGHT,1
17.4087002966,54,SLIDE_RIGHT,1
17.4211163134,77,SLIDE_RIGHT,1
17.4214035044,87,BIND_NS,1
17.4218271688,86,UNBIND_NS,1
17.4302842419,43,UNBIND_NS,1
17.4303773532,42,SLIDE_RIGHT,1
17.4310991073,95,BIND_NS,1
17.4357918240,78,UNBIND_NS,1
17.4391513954,55,SLIDE_RIGHT,1
17.4391585345,84,SLIDE_RIGHT,1
17.4406073931,22,SLIDE_LEFT,1
17.4424592164,45,SLIDE_RIGHT,1
17.4661004925,46,SLIDE_LEFT,1
17.4748307985,87,UNBIND_NS,1
17.4789453147,79,SLIDE_RIGHT,1
17.4923907141,89,UNBIND_NS,1
17.5007839025,12,BIND_NS,1
17.5012832458,83,UNBIND_NS,1
17.5047784656,72,BIND_NS,1
17.5102574265,82,UNBIND_NS,1
17.5104828069,13,BIND_NS,1
17.5150955702,67,SLIDE_RIGHT,1
17.5284891498,94,BIND_NS,1
17.5287777043,10,SLIDE_LEFT,1
17.5458317332,88,SLIDE_LEFT,1
17.5613478472,26,UNBIND_NS,1
17.5717938424,17,SLIDE_LEFT,1
17.5771145020,87,SLIDE_RIGHT,1
17.5816455107,52,SLIDE_RIGHT,1
17.5900074306,46,BIND_NS,1
17.5935548927,42,BIND_NS,1
17.5975772682,51,UNBIND_NS,1
17.5978462389,53,SLIDE_RIGHT,1
17.5998776566,9,SLIDE_RIGHT,1
17.6046788197,56,UNBIND_NS,1
17.6063003638,25,SLIDE_RIGHT,1
17.6084093368,76,SLIDE_RIGHT,1
17.6129429408,6,BIND_NS,1
17.6219802610,77,SLIDE_LEFT,1
17.6251368580,99,UNBIND_NS,1
17.6293690938,85,SLIDE_LEFT,1
17.6299340413,61,SLIDE_LEFT,1
17.6564268055,60,SLIDE_RIGHT,1
17.6710671949,76,SLIDE_RIGHT,1
17.6874183860,37,SLIDE_LEFT,1
17.6883395116,6,SLIDE_RIGHT,1
17.6984128903,44,UNBIND_NS,1
17.7055999867,4,SLIDE_RIGHT,1
17.7079644097,68,SLIDE_LEFT,1
17.7160558037,49,SLIDE_LEFT,1
17.7174666924,45,UNBIND_NS,1
17.7394885763,98,SLIDE_RIGHT,1
17.7439841059,65,BIND_NS,1
17.7464663500,73,BIND_NS,1
17.7510953836,61,SLIDE_RIGHT,1
17.7518531222,70,UNBIND_NS,1
17.7615232035,42,SLIDE_LEFT,1
17.7618174141,81,SLIDE_RIGHT,1
17.7755431159,63,SLIDE_RIGHT,1
17.7796653572,74,BIND_NS,1
17.7917150955,15,BIND_NS,1
17.7948664420,82,SLIDE_RIGHT,1
17.7951545121,62,SLIDE_LEFT,1
17.8087647408,43,SLIDE_RIGHT,1
17.8220992322,28,SLIDE_RIGHT,1
17.8246001393,75,SLIDE_RIGHT,1
17.8326487962,10,SLIDE_RIGHT,1
17.8370117420,17,BIND_NS,1
17.8503463041,84,SLIDE_RIGHT,1
17.8603815557,11,SLIDE_LEFT,1
17.8614148872,14,UNBIND_NS,1
17.8622505714,5,SLIDE_RIGHT,1
17.8705213610,50,BIND_NS,1
17.8750007263,61,SLIDE_RIGHT,1
17.8775427838,90,BIND_NS,1
17.8809700665,59,SLIDE_RIGHT,1
17.8830769596,50,UNBIND_NS,1
17.8912052116,62,SLIDE_RIGHT,1
17.8912893467,44,SLIDE_RIGHT,1
17.9113340869,74,SLIDE_RIGHT,1
17.9170566888,67,SLIDE_RIGHT,1
17.9171095205,80,SLIDE_LEFT,1
17.9181411642,6,SLIDE_LEFT,1
17.9186276753,5,SLIDE_RIGHT,1
17.9259684479,34,SLIDE_LEFT,1
17.9280249648,50,BIND_NS,1
17.9285387840,29,UNBIND_NS,1
17.9361890574,67,BIND_NS,1
17.9695362168,45,UNBIND_NS,1
17.9739108388,42,BIND_NS,1
17.9741151325,50,UNBIND_NS,1
17.9780190101,42,SLIDE_RIGHT,1
17.9833716083,32,BIND_NS,1
17.9863296786,90,UNBIND_NS,1
17.9934016494,13,SLIDE_RIGHT,1
17.9940465714,65,UNBIND_NS,1
18.0009447130,77,SLIDE_RIGHT,1
18.0236892935,48,SLIDE_RIGHT,1
18.0244360825,36,SLIDE_RIGHT,1
18.0252312075,25,BIND_NS,1
18.0422341755,23,BIND_NS,1
18.0524788894,64,SLIDE_RIGHT,1
18.0690692493,78,UNBIND_NS,1
18.0847847284,59,BIND_NS,1
18.0891189070,85,UNBIND_NS,1
18.0902214907,88,SLIDE_RIGHT,1
18.0925994198,21,SLIDE_RIGHT,1
18.1006822904,7,UNBIND_NS,1
18.1015791761,43,SLIDE_RIGHT,1
18.1016480827,46,SLIDE_RIGHT,1
18.1020733074,47,SLIDE_RIGHT,1
18.1032300770,73,SLIDE_RIGHT,1
18.1081552130,12,SLIDE_RIGHT,1
18.1188215857,48,UNBIND_NS,1
18.1238998603,65,SLIDE_LEFT,1
18.1256352719,37,UNBIND_NS,1
18.1277837256,10,SLIDE_LEFT,1
18.1327160603,14,UNBIND_NS,1
18.1350389985,44,SLIDE_RIGHT,1
18.1420963602,97,SLIDE_RIGHT,1
18.1501304779,20,SLIDE_LEFT,1
18.1643710078,76,SLIDE_RIGHT,1
18.1673044240,21,BIND_NS,1
18.1687516178,60,SLIDE_RIGHT,1
18.1777709125,13,SLIDE_LEFT,1
18.1785390391,79,SLIDE_RIGHT,1
18.1807355549,40,UNBIND_NS,1
18.1872679774,22,UNBIND_NS,1
18.1879520269,11,BIND_NS,1
18.1887494074,27,SLIDE_RIGHT,1
18.1927816808,38,SLIDE_LEFT,1
18.1945096715,9,SLIDE_LEFT,1
18.1963808127,88,BIND_NS,1
18.2028742753,48,BIND_NS,1
18.2149995890,3,SLIDE_RIGHT,1
18.2166190366,19,SLIDE_LEFT,1
18.2239857566,6,SLIDE_LEFT,1
18.2268269536,77,SLIDE_RIGHT,1
18.2415612278,54,SLIDE_LEFT,1
18.2426494193,12,SLIDE_RIGHT,1
18.2469984461,64,UNBIND_NS,1
18.2536408754,94,UNBIND_NS,1
18.2545941922,48,SLIDE_LEFT,1
18.2639274069,93,SLIDE_RIGHT,1
18.2667159964,94,SLIDE_LEFT,1
18.2667394511,41,UNBIND_NS,1
18.2802253230,22,BIND_NS,1
18.2810185715,32,SLIDE_LEFT,1
18.2867890836,80,SLIDE_LEFT,1
18.2947870203,63,SLIDE_LEFT,1
18.2990217626,26,UNBIND_NS,1
18.3147114247,59,SLIDE_LEFT,1
18.3178156159,3,BIND_NS,1
18.3186858122,83,SLIDE_LEFT,1
18.3260291259,36,BIND_NS,1
18.3284071406,15,SLIDE_LEFT,1
18.3373858444,45,SLIDE_RIGHT,1
18.3423524066,39,SLIDE_RIGHT,1
18.3518881627,71,SLIDE_LEFT,1
18.3771901336,3,UNBIND_NS,1
18.3809761539,18,SLIDE_RIGHT,1
18.3880411968,25,SLIDE_LEFT,1
18.3885444338,70,SLIDE_LEFT,1
18.3906661426,82,SLIDE_RIGHT,1
18.3914341572,4,SLIDE_LEFT,1
18.3936400018,40,SLIDE_LEFT,1
18.4058647098,33,SLIDE_LEFT,1
18.4107735047,55,BIND_NS,1
18.4137296512,91,SLIDE_LEFT,1
18.4177163795,93,SLIDE_RIGHT,1
18.4196675947,28,SLIDE_LEFT,1
18.4329248136,55,SLIDE_LEFT,1
18.4381507555,98,SLIDE_LEFT,1
18.4494462173,58,SLIDE_RIGHT,1
18.4527478785,19,SLIDE_LEFT,1
18.4596523702,31,SLIDE_LEFT,1
18.4635681200,16,UNBIND_NS,1
18.4674529652,36,SLIDE_LEFT,1
18.4687090640,1,UNBIND_NS,1
18.4770980284,44,BIND_NS,1
18.4949974594,49,SLIDE_LEFT,1
18.5082602155,72,SLIDE_LEFT,1
18.5101821025,18,SLIDE_RIGHT,1
18.5242246673,30,SLIDE_LEFT,1
18.5254053129,3,SLIDE_RIGHT,1
18.5328533926,48,SLIDE_RIGHT,1
18.5346899276,94,SLIDE_LEFT,1
18.5414998020,75,SLIDE_RIGHT,1
18.5477058914,79,UNBIND_NS,1
18.5482904489,63,BIND_NS,1
18.5559486609,14,SLIDE_RIGHT,1
18.5595775265,8,UNBIND_NS,1
18.5646660339,92,UNBIND_NS,1
18.5647812979,71,SLIDE_LEFT,1
18.5753654986,21,SLIDE_LEFT,1
18.5758489508,99,SLIDE_LEFT,1
18.5853363777,35,SLIDE_LEFT,1
18.5856127045,19,SLIDE_LEFT,1
18.5877726815,37,SLIDE_RIGHT,1
18.5878822233,29,UNBIND_NS,1
18.6157617817,49,SLIDE_LEFT,1
18.6165543168,24,SLIDE_RIGHT,1
18.6190459645,74,SLIDE_LEFT,1
18.6196322120,48,SLIDE_RIGHT,1
18.6234716240,78,SLIDE_RIGHT,1
18.6305949468,54,SLIDE_RIGHT,1
18.6347039878,93,UNBIND_NS,1
18.6349436592,61,SLIDE_LEFT,1
18.6380703311,79,SLIDE_RIGHT,1
18.6385644783,98,SLIDE_RIGHT,1
18.6505882033,86,BIND_NS,1
18.6524741218,66,BIND_NS,1
18.6613000325,20,UNBIND_NS,1
18.6620961658,53,UNBIND_NS,1
18.6702443531,30,BIND_NS,1
18.6728681911,11,SLIDE_LEFT,1
18.6773490734,83,SLIDE_RIGHT,1
18.6865805168,55,SLIDE_LEFT,1
18.6927164133,49,SLIDE_RIGHT,1
18.7190162510,83,BIND_NS,1
18.7320563889,86,UNBIND_NS,1
18.7323380831,10,SLIDE_RIGHT,1
18.7344716211,38,SLIDE_LEFT,1
18.7344939716,30,UNBIND_NS,1
18.7371215422,88,SLIDE_LEFT,1
18.7567169432,18,SLIDE_RIGHT,1
18.7589508302,73,SLIDE_LEFT,1
18.7686775933,65,BIND_NS,1
18.7689257401,79,BIND_NS,1
18.7698975058,25,SLIDE_LEFT,1
18.7778128770,0,SLIDE_RIGHT,1
18.7789281079,76,SLIDE_LEFT,1
18.7830963841,68,UNBIND_NS,1
18.7864583663,6,BIND_NS,1
18.7963671922,72,UNBIND_NS,1
18.8033147463,17,SLIDE_LEFT,1
18.8131640431,80,SLIDE_RIGHT,1
18.8285798731,96,UNBIND_NS,1
18.8398987970,34,SLIDE_LEFT,1
18.8415796839,6,UNBIND_NS,1
18.8487220528,28,BIND_NS,1
18.8527999343,97,SLIDE_LEFT,1
18.8529987960,22,SLIDE_LEFT,1
18.8558221286,21,SLIDE_RIGHT,1
18.8788671622,58,BIND_NS,1
18.8841080837,96,SLIDE_RIGHT,1
18.8962048466,37,SLIDE_LEFT,1
18.8996178484,16,UNBIND_NS,1
18.9079855281,15,SLIDE_LEFT,1
18.9112914838,13,UNBIND_NS,1
18.9114640726,75,UNBIND_NS,1
18.9114688520,14,SLIDE_LEFT,1
18.9170119975,87,UNBIND_NS,1
18.9188554201,81,UNBIND_NS,1
18.9346550154,63,SLIDE_RIGHT,1
18.9468184973,44,SLIDE_LEFT,1
18.9469588084,24,SLIDE_RIGHT,1
18.9492494546,19,SLIDE_RIGHT,1
18.9495773321,47,UNBIND_NS,1
18.9520363902,25,SLIDE_LEFT,1
18.9546927143,98,BIND_NS,1
18.9575297611,70,SLIDE_RIGHT,1
18.9607365746,1,SLIDE_LEFT,1
18.9609288408,94,BIND_NS,1
18.9700317994,39,SLIDE_RIGHT,1
18.9773642615,67,SLIDE_RIGHT,1
18.9860506438,48,BIND_NS,1
18.9862187623,13,SLIDE_LEFT,1
18.9914392172,32,SLIDE_LEFT,1
19.0200460397,48,UNBIND_NS,1
19.0317657792,95,SLIDE_RIGHT,1
19.0334679831,12,UNBIND_NS,1
19.0374048780,50,SLIDE_LEFT,1
19.0775675729,40,SLIDE_RIGHT,1
19.0776995271,84,UNBIND_NS,1
19.0779893225,58,SLIDE_LEFT,1
19.0803207859,33,SLIDE_LEFT,1
19.0877296705,43,SLIDE_RIGHT,1
19.0881654285,49,SLIDE_RIGHT,1
19.0947285820,83,SLIDE_LEFT,1
19.1039528945,44,SLIDE_LEFT,1
19.1044953658,36,SLIDE_LEFT,1
19.1149077418,27,UNBIND_NS,1
19.1266543890,0,UNBIND_NS,1
19.1285533736,2,SLIDE_RIGHT,1
19.1300920578,36,BIND_NS,1
19.1432213903,68,SLIDE_LEFT,1
19.1491680199,11,SLIDE_RIGHT,1
19.1665078202,57,SLIDE_LEFT,1
19.1721685986,69,UNBIND_NS,1
19.1918821799,64,SLIDE_LEFT,1
19.1936524226,21,BIND_NS,1
19.1980010495,99,UNBIND_NS,1
19.2136183593,46,UNBIND_NS,1
19.2286681709,9,BIND_NS,1
19.2458974894,94,SLIDE_RIGHT,1
19.2628397451,82,UNBIND_NS,1
19.2639675877,9,UNBIND_NS,1
19.2707477185,65,SLIDE_LEFT,1
19.2728620953,54,SLIDE_LEFT,1
19.2821837352,71,SLIDE_RIGHT,1
19.2840941700,98,UNBIND_NS,1
19.2892460786,51,BIND_NS,1
19.2947284536,72,SLIDE_LEFT,1
19.3096406348,43,SLIDE_RIGHT,1
19.3263113033,3,UNBIND_NS,1
19.3315306425,89,SLIDE_LEFT,1
19.3383982540,16,BIND_NS,1
19.3431099482,77,BIND_NS,1
19.3548829391,64,SLIDE_RIGHT,1
19.3577526232,88,SLIDE_RIGHT,1
19.3668577774,36,SLIDE_RIGHT,1
19.3760106077,34,BIND_NS,1
19.3800758575,71,SLIDE_RIGHT,1
19.3818779184,59,SLIDE_LEFT,1
19.3854955289,67,SLIDE_RIGHT,1
19.3870747137,11,BIND_NS,1
19.3875715610,32,UNBIND_NS,1
19.3992266358,17,BIND_NS,1
19.4048727896,35,UNBIND_NS,1
19.4374971648,41,SLIDE_LEFT,1
19.4383750813,5,UNBIND_NS,1
19.4396759713,63,SLIDE_RIGHT,1
19.4441017294,62,SLIDE_LEFT,1
19.4538164627,78,BIND_NS,1
19.4593038902,68,SLIDE_LEFT,1
19.4717652434,11,SLIDE_LEFT,1
19.4861828629,97,UNBIND_NS,1
19.4877420655,72,SLIDE_LEFT,1
19.4923527676,96,UNBIND_NS,1
19.4946347523,2,BIND_NS,1
19.4976579948,18,BIND_NS,1
19.5056936595,64,UNBIND_NS,1
19.5144010842,40,SLIDE_LEFT,1
19.5239653209,28,UNBIND_NS,1
19.5263434266,22,UNBIND_NS,1
19.5365081299,57,BIND_NS,1
19.5433013187,37,SLIDE_LEFT,1
19.5570446227,65,UNBIND_NS,1
19.5638207978,36,SLIDE_LEFT,1
19.5674211353,2,SLIDE_LEFT,1
19.5675542653,18,SLIDE_RIGHT,1
19.5775709663,16,SLIDE_LEFT,1
19.5788956235,57,UNBIND_NS,1
19.6021285467,16,BIND_NS,1
19.6077793392,21,UNBIND_NS,1
19.6192183333,1,SLIDE_LEFT,1
19.6251149774,71,SLIDE_RIGHT,1
19.6282111649,77,SLIDE_LEFT,1
19.6386065023,97,BIND_NS,1
19.6390197729,23,SLIDE_LEFT,1
19.6404841770,60,SLIDE_LEFT,1
19.6421481569,15,SLIDE_LEFT,1
19.6477293288,53,SLIDE_RIGHT,1
19.6505921377,0,SLIDE_RIGHT,1
19.6538899765,57,BIND_NS,1
19.6650937553,1,SLIDE_RIGHT,1
19.6726487502,22,SLIDE_RIGHT,1
19.6774502050,40,BIND_NS,1
19.6782734320,72,SLIDE_LEFT,1
19.6814296059,13,BIND_NS,1
19.7012967900,71,SLIDE_LEFT,1
19.7028098480,5,BIND_NS,1
19.7056011504,73,BIND_NS,1
19.7125575730,70,SLIDE_LEFT,1
19.7237896946,69,SLIDE_RIGHT,1
19.7272032896,81,BIND_NS,1
19.7339407648,49,BIND_NS,1
19.7406412966,10,SLIDE_LEFT,1
19.7548436870,49,SLIDE_LEFT,1
19.7586833210,90,SLIDE_RIGHT,1
19.7662538866,12,SLIDE_LEFT,1
19.7662539852,24,UNBIND_NS,1
19.7684195935,48,SLIDE_RIGHT,1
19.7700936845,61,SLIDE_RIGHT,1
19.7733686629,44,SLIDE_RIGHT,1
19.7778038374,18,BIND_NS,1
19.7790482019,5,UNBIND_NS,1
19.7800419647,4,SLIDE_RIGHT,1
19.7870318260,79,SLIDE_RIGHT,1
19.7918236646,54,SLIDE_RIGHT,1
19.7939810640,78,SLIDE_RIGHT,1
19.7944622211,1,BIND_NS,1
19.7951852684,16,SLIDE_LEFT,1
19.7971723959,91,SLIDE_RIGHT,1
19.7974777926,95,SLIDE_LEFT,1
19.8026250438,21,BIND_NS,1
19.8103526960,92,SLIDE_LEFT,1
19.8111131566,34,SLIDE_LEFT,1
19.8148355889,55,SLIDE_LEFT,1
19.8188057557,45,SLIDE_LEFT,1
19.8215199260,1,SLIDE_LEFT,1
19.8348237343,31,SLIDE_LEFT,1
19.8448290356,21,SLIDE_RIGHT,1
19.8563726241,33,SLIDE_RIGHT,1
19.8657992935,30,SLIDE_RIGHT,1
19.8675815665,20,SLIDE_RIGHT,1
19.8738536960,18,UNBIND_NS,1
19.8947432838,33,BIND_NS,1
19.9004046777,51,SLIDE_RIGHT,1
19.9011502162,76,SLIDE_RIGHT,1
19.9138296475,2,SLIDE_LEFT,1
19.9187561468,91,SLIDE_RIGHT,1
19.9561279738,89,SLIDE_LEFT,1
19.9596819608,73,SLIDE_RIGHT,1
19.9602678191,67,UNBIND_NS,1
19.9639572961,79,SLIDE_LEFT,1
19.9650644243,87,BIND_NS,1
19.9663932681,13,UNBIND_NS,1
19.9692888547,81,SLIDE_RIGHT,1
19.9704433775,55,BIND_NS,1
19.9749375844,47,BIND_NS,1
19.9822426948,2,BIND_NS,1
19.9834318063,87,SLIDE_LEFT,1
19.9904180225,88,SLIDE_LEFT,1
19.9905757013,39,SLIDE_LEFT,1
20.0079773737,17,UNBIND_NS,1
20.0171657187,82,SLIDE_LEFT,1
20.0220689965,94,SLIDE_LEFT,1
20.0276471051,14,UNBIND_NS,1
20.0342262608,19,SLIDE_RIGHT,1
20.0433000427,68,BIND_NS,1
20.0538798941,52,SLIDE_LEFT,1
20.0591853068,20,SLIDE_LEFT,1
20.0598548342,47,SLIDE_RIGHT,1
20.0676275621,15,SLIDE_RIGHT,1
20.0700282273,77,SLIDE_LEFT,1
20.0742208439,76,SLIDE_RIGHT,1
20.0756015680,86,UNBIND_NS,1
20.1036034537,44,SLIDE_RIGHT,1
20.1042781113,74,SLIDE_LEFT,1
20.1055146323,90,BIND_NS,1
20.1059586511,16,SLIDE_LEFT,1
20.1068065935,11,SLIDE_LEFT,1
20.1189351516,90,SLIDE_LEFT,1
20.1299784233,89,SLIDE_LEFT,1
20.1318553573,51,SLIDE_RIGHT,1
20.1577536591,77,SLIDE_LEFT,1
20.1711803516,88,SLIDE_RIGHT,1
20.1743965239,31,UNBIND_NS,1
20.1746468424,87,SLIDE_RIGHT,1
20.1765517557,82,BIND_NS,1
20.1802840396,45,SLIDE_RIGHT,1
20.1828146208,97,SLIDE_LEFT,1
20.1979699078,12,BIND_NS,1
20.1995250686,40,SLIDE_RIGHT,1
20.2005309863,40,BIND_NS,1
20.2054343940,9,SLIDE_LEFT,1
20.2115284403,75,BIND_NS,1
20.2158078536,82,SLIDE_RIGHT,1
20.2274040877,46,UNBIND_NS,1
20.2327986162,35,SLIDE_RIGHT,1
20.2341001680,19,SLIDE_RIGHT,1
20.2399277335,13,BIND_NS,1
20.2422817755,81,SLIDE_RIGHT,1
20.2456584759,66,UNBIND_NS,1
20.2525258454,96,SLIDE_LEFT,1
20.2564774930,68,SLIDE_LEFT,1
20.2611560637,5,SLIDE_LEFT,1
20.2623318708,52,UNBIND_NS,1
20.2730411062,55,UNBIND_NS,1
20.2737341072,52,BIND_NS,1
20.2742868301,12,UNBIND_NS,1
20.2747857930,29,BIND_NS,1
20.2792567562,82,SLIDE_LEFT,1
20.2814439315,76,SLIDE_RIGHT,1
20.2837329518,83,UNBIND_NS,1
20.2884564287,73,SLIDE_RIGHT,1
20.3031694405,25,BIND_NS,1
20.3037874462,1,UNBIND_NS,1
20.3047888150,74,SLIDE_LEFT,1
20.3074511803,60,BIND_NS,1
20.3078709154,73,SLIDE_RIGHT,1
20.3177351633,29,SLIDE_RIGHT,1
20.3204468077,33,UNBIND_NS,1
20.3289095997,71,BIND_NS,1
20.3487141120,67,UNBIND_NS,1
20.3514999475,60,UNBIND_NS,1
20.3659529440,13,SLIDE_LEFT,1
20.3778962415,94,BIND_NS,1
20.3924859779,10,SLIDE_LEFT,1
20.3932359521,62,SLIDE_LEFT,1
20.4052342810,74,SLIDE_LEFT,1
20.4053207759,61,SLIDE_RIGHT,1
20.4162273184,27,BIND_NS,1
20.4178969405,81,UNBIND_NS,1
20.4298426767,67,BIND_NS,1
20.4318956521,13,BIND_NS,1
20.4331854551,41,SLIDE_RIGHT,1
20.4351219625,30,SLIDE_LEFT,1
20.4388716766,50,SLIDE_RIGHT,1
20.4443104557,58,UNBIND_NS,1
20.4498394928,78,SLIDE_RIGHT,1
20.4557858129,0,UNBIND_NS,1
20.4594562162,81,BIND_NS,1
20.4654804832,54,UNBIND_NS,1
20.4741233558,96,BIND_NS,1
20.4752110879,4,SLIDE_LEFT,1
20.4836264903,36,SLIDE_RIGHT,1
20.4861985247,9,SLIDE_RIGHT,1
20.4871550454,13,SLIDE_RIGHT,1
20.4951541421,77,SLIDE_RIGHT,1
20.4979252151,25,SLIDE_LEFT,1
20.5024667162,0,BIND_NS,1
20.5051014900,75,SLIDE_RIGHT,1
20.5137440719,76,SLIDE_RIGHT,1
20.5309189423,10,SLIDE_RIGHT,1
20.5332336491,20,SLIDE_LEFT,1
20.5353157026,20,BIND_NS,1
20.5415105974,13,BIND_NS,1
20.5431800038,87,BIND_NS,1
20.5452070265,51,SLIDE_LEFT,1
20.5521052648,82,BIND_NS,1
20.5533036498,37,SLIDE_LEFT,1
20.5549059359,52,SLIDE_LEFT,1
20.5598703437,38,SLIDE_LEFT,1
20.5765278404,56,SLIDE_LEFT,1
20.6052279622,29,SLIDE_RIGHT,1
20.6123678143,30,SLIDE_LEFT,1
20.6174434590,70,SLIDE_LEFT,1
20.6190285132,87,SLIDE_LEFT,1
20.6243685052,29,SLIDE_RIGHT,1
20.6282791048,27,UNBIND_NS,1
20.6364897524,59,UNBIND_NS,1
20.6415570681,17,BIND_NS,1
20.6425917366,51,SLIDE_RIGHT,1
20.6496464565,40,SLIDE_RIGHT,1
20.6615118332,21,UNBIND_NS,1
20.6659974414,53,BIND_NS,1
20.6673859300,0,UNBIND_NS,1
20.6694963911,96,UNBIND_NS,1
20.6877542846,55,SLIDE_RIGHT,1
20.6924631415,69,SLIDE_LEFT,1
20.6987765240,30,SLIDE_LEFT,1
20.7000983013,29,SLIDE_RIGHT,1
20.7012481300,9,BIND_NS,1
20.7065584944,18,BIND_NS,1
20.7068148307,73,SLIDE_RIGHT,1
20.7327620319,48,UNBIND_NS,1
20.7542916358,71,SLIDE_LEFT,1
20.7567459609,24,UNBIND_NS,1
20.7796070736,4,BIND_NS,1
20.7821761000,93,UNBIND_NS,1
20.8027216731,20,SLIDE_RIGHT,1
20.8035279804,28,BIND_NS,1
20.8098739429,62,SLIDE_LEFT,1
20.8285330325,49,SLIDE_LEFT,1
20.8475279709,64,BIND_NS,1
20.8542140600,23,SLIDE_RIGHT,1
20.8585405438,80,UNBIND_NS,1
20.8721300971,11,SLIDE_LEFT,1
20.8906008812,57,SLIDE_RIGHT,1
20.8921553194,34,SLIDE_RIGHT,1
20.8940458112,24,SLIDE_LEFT,1
20.8955648729,35,SLIDE_LEFT,1
20.8976718802,30,SLIDE_LEFT,1
20.9035024632,83,BIND_NS,1
20.9059840284,64,UNBIND_NS,1
20.9214193653,48,SLIDE_RIGHT,1
20.9221992051,58,SLIDE_LEFT,1
20.9291686899,81,UNBIND_NS,1
20.9616486261,10,UNBIND_NS,1
20.9634268096,29,SLIDE_RIGHT,1
20.9658874411,31,BIND_NS,1
20.9666604108,15,SLIDE_RIGHT,1
20.9689797129,70,UNBIND_NS,1
20.9999841358,2,SLIDE_LEFT,1
21.0015261962,33,BIND_NS,1
21.0066393792,21,SLIDE_LEFT,1
21.0101672031,50,SLIDE_RIGHT,1
21.0323092180,41,SLIDE_LEFT,1
21.0339844799,82,SLIDE_LEFT,1
21.0416235761,74,SLIDE_LEFT,1
21.0486469884,61,SLIDE_LEFT,1
21.0519224409,58,BIND_NS,1
21.0656172595,14,SLIDE_RIGHT,1
21.0749807635,81,SLIDE_RIGHT,1
21.0826456517,94,UNBIND_NS,1
21.0829294055,79,SLIDE_RIGHT,1
21.0833398998,23,SLIDE_RIGHT,1
21.0958910482,44,BIND_NS,1
21.0980863448,80,SLIDE_RIGHT,1
21.0983562291,53,UNBIND_NS,1
21.1261770630,24,SLIDE_RIGHT,1
21.1306617221,58,SLIDE_RIGHT,1
21.1323884705,51,SLIDE_LEFT,1
21.1446226852,77,SLIDE_LEFT,1
21.1528964946,42,SLIDE_RIGHT,1
21.1589339902,1,SLIDE_RIGHT,1
21.1620101412,57,SLIDE_RIGHT,1
21.1672870475,25,SLIDE_LEFT,1
21.1704057050,36,UNBIND_NS,1
21.1764871146,24,SLIDE_LEFT,1
21.1768247836,83,UNBIND_NS,1
21.1780563819,78,UNBIND_NS,1
21.1818994714,28,UNBIND_NS,1
21.1854128034,2,SLIDE_LEFT,1
21.1885809488,64,BIND_NS,1
21.1897122943,79,BIND_NS,1
21.1902645497,66,BIND_NS,1
21.1927268459,64,SLIDE_RIGHT,1
21.1987565700,89,SLIDE_RIGHT,1
21.2054246609,6,BIND_NS,1
21.2098830480,8,SLIDE_LEFT,1
21.2140711329,95,SLIDE_LEFT,1
21.2181403403,65,SLIDE_LEFT,1
21.2227943217,1,SLIDE_LEFT,1
21.2253868670,52,UNBIND_NS,1
21.2285038838,90,SLIDE_RIGHT,1
21.2319579307,26,BIND_NS,1
21.2429614980,73,SLIDE_RIGHT,1
21.2520595621,50,SLIDE_RIGHT,1
21.2576521736,52,BIND_NS,1
21.2592788230,10,BIND_NS,1
21.2693257949,33,SLIDE_LEFT,1
21.2722732088,81,UNBIND_NS,1
21.2795512889,43,UNBIND_NS,1
21.2839657317,7,SLIDE_RIGHT,1
21.2852313884,94,SLIDE_RIGHT,1
21.2979862607,26,SLIDE_RIGHT,1
21.3053184101,30,SLIDE_LEFT,1
21.3065523418,42,BIND_NS,1
21.3087885337,10,SLIDE_RIGHT,1
21.3124659232,88,SLIDE_LEFT,1
21.3158745537,64,SLIDE_LEFT,1
21.3228358573,20,SLIDE_RIGHT,1
21.3259219004,74,UNBIND_NS,1
21.3425971652,63,SLIDE_LEFT,1
21.3520435732,62,UNBIND_NS,1
21.3535737380,52,SLIDE_RIGHT,1
21.3562336318,44,SLIDE_RIGHT,1
21.3563711114,45,SLIDE_RIGHT,1
21.3585605143,49,SLIDE_RIGHT,1
21.3699621883,34,UNBIND_NS,1
21.3723868627,56,SLIDE_RIGHT,1
21.3763487184,21,SLIDE_LEFT,1
21.3841128194,40,SLIDE_RIGHT,1
21.3852598331,11,SLIDE_LEFT,1
21.3871704422,87,SLIDE_RIGHT,1
21.3909131314,31,SLIDE_LEFT,1
21.3959766746,22,SLIDE_LEFT,1
21.3980722449,76,SLIDE_RIGHT,1
21.4006235929,16,UNBIND_NS,1
21.4050886639,41,SLIDE_LEFT,1
21.4105989714,21,SLIDE_RIGHT,1
21.4154874668,22,SLIDE_LEFT,1
21.4175826779,40,SLIDE_RIGHT,1
21.4204768902,6,UNBIND_NS,1
21.4223974473,95,SLIDE_RIGHT,1
21.4264491937,79,SLIDE_RIGHT,1
21.4290912344,4,SLIDE_RIGHT,1
21.4324175833,80,SLIDE_RIGHT,1
21.4387876666,61,BIND_NS,1
21.4762128890,13,SLIDE_RIGHT,1
21.4770513570,61,SLIDE_RIGHT,1
21.4925419408,82,SLIDE_RIGHT,1
21.5081480742,24,BIND_NS,1
21.5097785156,50,UNBIND_NS,1
21.5132097363,53,SLIDE_LEFT,1
21.5323505519,17,SLIDE_LEFT,1
21.5357521480,51,SLIDE_LEFT,1
21.5481835926,24,SLIDE_RIGHT,1
21.5523106177,62,SLIDE_LEFT,1
21.5541605553,66,SLIDE_LEFT,1
21.5693076716,46,SLIDE_LEFT,1
21.5705882065,63,BIND_NS,1
21.5814688530,22,BIND_NS,1
21.5868987837,88,SLIDE_LEFT,1
21.5955080873,81,SLIDE_RIGHT,1
21.6028549445,29,SLIDE_LEFT,1
21.6163383127,11,BIND_NS,1
21.6217652629,25,UNBIND_NS,1
21.6226329475,57,SLIDE_LEFT,1
21.6230282294,37,SLIDE_LEFT,1
21.6234414125,63,SLIDE_RIGHT,1
21.6246575859,10,UNBIND_NS,1
21.6290868591,52,SLIDE_LEFT,1
21.6298635465,61,UNBIND_NS,1
21.6302557181,68,SLIDE_RIGHT,1
21.6410360424,56,UNBIND_NS,1
21.6501020818,96,SLIDE_RIGHT,1
21.6524975561,51,SLIDE_RIGHT,1
21.6532591270,62,BIND_NS,1
21.6665766013,44,BIND_NS,1
21.6812336524,67,SLIDE_RIGHT,1
21.6833015194,53,BIND_NS,1
21.6849443240,5,UNBIND_NS,1
21.6853441302,3,SLIDE_LEFT,1
21.6864384197,81,BIND_NS,1
21.6898568531,87,SLIDE_RIGHT,1
21.6935705039,0,SLIDE_RIGHT,1
21.6954174328,73,BIND_NS,1
21.6995522834,81,SLIDE_LEFT,1
21.7021726435,96,BIND_NS,1
21.7064946642,73,SLIDE_RIGHT,1
21.7107981095,24,BIND_NS,1
21.7173846754,88,SLIDE_RIGHT,1
21.7316112719,92,SLIDE_RIGHT,1
21.7551069714,87,BIND_NS,1
21.7626450153,22,UNBIND_NS,1
21.7860320940,86,UNBIND_NS,1
21.7894977705,21,SLIDE_RIGHT,1
21.7916304766,1,SLIDE_LEFT,1
21.7948282576,93,SLIDE_RIGHT,1
21.8039788040,32,SLIDE_LEFT,1
21.8044215237,74,SLIDE_LEFT,1
21.8090698615,54,BIND_NS,1
21.8129500334,60,SLIDE_RIGHT,1
21.8159997239,11,UNBIND_NS,1
21.8160650447,6,BIND_NS,1
21.8191845884,44,SLIDE_LEFT,1
21.8215114699,80,UNBIND_NS,1
21.8287175033,22,UNBIND_NS,1
21.8332771792,87,UNBIND_NS,1
21.8350659239,6,SLIDE_RIGHT,1
21.8360817669,19,UNBIND_NS,1
21.8386637825,82,SLIDE_LEFT,1
21.8399182864,10,BIND_NS,1
21.8400032778,31,SLIDE_RIGHT,1
21.8411114691,94,SLIDE_LEFT,1
21.8446037255,42,UNBIND_NS,1
21.8460002329,10,SLIDE_RIGHT,1
21.8485020540,61,UNBIND_NS,1
21.8491858697,91,SLIDE_RIGHT,1
21.8542792262,12,UNBIND_NS,1
21.8781577055,2,SLIDE_LEFT,1
21.8803666127,50,SLIDE_LEFT,1
21.8837950762,16,UNBIND_NS,1
21.8857767492,36,SLIDE_RIGHT,1
21.8859108468,41,SLIDE_LEFT,1
21.9171623715,96,SLIDE_LEFT,1
21.9202130636,89,SLIDE_RIGHT,1
21.9287204253,54,UNBIND_NS,1
21.9342478840,45,UNBIND_NS,1
21.9348372251,73,UNBIND_NS,1
21.9357979823,85,BIND_NS,1
21.9401060830,32,SLIDE_LEFT,1
21.9402846259,77,SLIDE_LEFT,1
21.9598217333,7,SLIDE_LEFT,1
21.9792988500,79,BIND_NS,1
21.9815266719,6,SLIDE_LEFT,1
21.9875288335,40,SLIDE_LEFT,1
21.9926784841,58,SLIDE_LEFT,1
21.9945912415,83,SLIDE_LEFT,1
22.0020249986,30,UNBIND_NS,1
22.0025707909,43,SLIDE_RIGHT,1
22.0040148173,39,SLIDE_LEFT,1
22.0067126325,59,SLIDE_RIGHT,1
22.0177380862,18,SLIDE_RIGHT,1
22.0192728539,24,UNBIND_NS,1
22.0246983206,90,UNBIND_NS,1
22.0250785735,4,BIND_NS,1
22.0344712646,27,UNBIND_NS,1
22.0595963983,65,SLIDE_RIGHT,1
22.0659684074,11,UNBIND_NS,1
22.0761955941,23,SLIDE_LEFT,1
22.0818051566,85,SLIDE_LEFT,1
22.0897245585,49,SLIDE_LEFT,1
22.1032865940,5,SLIDE_RIGHT,1
22.1136556220,44,SLIDE_LEFT,1
22.1156321849,12,BIND_NS,1
22.1169985393,4,SLIDE_LEFT,1
22.1244026771,95,SLIDE_RIGHT,1
22.1313457671,66,SLIDE_RIGHT,1
22.1409074159,22,UNBIND_NS,1
22.1432716399,41,BIND_NS,1
22.1600412870,81,SLIDE_LEFT,1
22.1686518344,79,SLIDE_LEFT,1
22.1695808718,31,SLIDE_RIGHT,1
22.1969446349,62,SLIDE_RIGHT,1
22.2007963472,54,BIND_NS,1
22.2106651583,59,BIND_NS,1
22.2180538862,36,BIND_NS,1
22.2245921692,59,UNBIND_NS,1
22.2375035797,85,BIND_NS,1
22.2425910145,69,UNBIND_NS,1
22.2463627347,53,UNBIND_NS,1
22.2545104486,25,BIND_NS,1
22.2651788189,12,UNBIND_NS,1
22.2875629751,93,SLIDE_RIGHT,1
22.2894623155,54,SLIDE_LEFT,1
22.3186120884,70,BIND_NS,1
22.3246388194,31,BIND_NS,1
22.3249051506,84,SLIDE_LEFT,1
22.3327431144,14,SLIDE_LEFT,1
22.3327610369,85,SLIDE_RIGHT,1
22.3397564821,13,SLIDE_LEFT,1
22.3442228699,17,BIND_NS,1
22.3504478385,96,SLIDE_LEFT,1
22.3532227756,78,UNBIND_NS,1
22.3659166955,62,BIND_NS,1
22.3695542517,62,SLIDE_LEFT,1
22.3796383380,60,UNBIND_NS,1
22.3923639201,82,UNBIND_NS,1
22.3925245170,15,SLIDE_RIGHT,1
22.4063117140,12,SLIDE_LEFT,1
22.4094274481,97,SLIDE_RIGHT,1
22.4272474146,83,SLIDE_LEFT,1
22.4313411976,2,BIND_NS,1
22.4348638174,82,SLIDE_RIGHT,1
22.4429291122,76,UNBIND_NS,1
22.4468315099,43,SLIDE_RIGHT,1
22.4479756809,2,UNBIND_NS,1
22.4518689327,83,SLIDE_RIGHT,1
22.4623018747,41,SLIDE_LEFT,1
22.4629886417,79,BIND_NS,1
22.4716398441,17,SLIDE_RIGHT,1
22.4745333165,42,BIND_NS,1
22.4763830918,40,SLIDE_LEFT,1
22.4798769833,84,UNBIND_NS,1
22.4857682183,25,SLIDE_LEFT,1
22.4886347248,9,SLIDE_RIGHT,1
22.5036055446,80,SLIDE_RIGHT,1
22.5164499176,72,BIND_NS,1
22.5229121815,86,SLIDE_RIGHT,1
22.5245813944,3,SLIDE_RIGHT,1
22.5287645874,44,SLIDE_RIGHT,1
22.5316681827,79,SLIDE_RIGHT,1
22.5343414783,64,SLIDE_RIGHT,1
22.5420580433,42,SLIDE_LEFT,1
22.5452010082,67,SLIDE_LEFT,1
22.5643207479,41,SLIDE_RIGHT,1
22.5651423740,92,SLIDE_LEFT,1
22.5667676856,28,SLIDE_LEFT,1
22.5691529267,72,SLIDE_RIGHT,1
22.5735708129,49,BIND_NS,1
22.5809702828,70,SLIDE_LEFT,1
22.5922157613,95,SLIDE_RIGHT,1
22.5950455983,63,UNBIND_NS,1
22.5960923367,11,SLIDE_RIGHT,1
22.6200005811,1,SLIDE_RIGHT,1
22.6324388885,57,SLIDE_RIGHT,1
22.6348882481,94,SLIDE_RIGHT,1
22.6359032122,94,BIND_NS,1
22.6383161855,99,BIND_NS,1
22.6456791033,87,SLIDE_RIGHT,1
22.6474580860,10,SLIDE_RIGHT,1
22.6518667499,2,SLIDE_LEFT,1
22.6542757158,74,BIND_NS,1
22.6613077376,24,SLIDE_RIGHT,1
22.6617107369,16,SLIDE_RIGHT,1
22.6626738828,88,UNBIND_NS,1
22.6773060828,27,SLIDE_RIGHT,1
22.6993033567,4,SLIDE_RIGHT,1
22.7165018514,69,SLIDE_RIGHT,1
22.7198969376,59,BIND_NS,1
22.7357476820,80,SLIDE_LEFT,1
22.7376157970,20,SLIDE_RIGHT,1
22.7448763281,12,UNBIND_NS,1
22.7591407667,98,UNBIND_NS,1
22.7756444426,42,SLIDE_RIGHT,1
22.7866538135,65,SLIDE_LEFT,1
22.8029211991,53,SLIDE_RIGHT,1
22.8069152510,21,SLIDE_RIGHT,1
22.8106401756,7,BIND_NS,1
22.8114383308,81,SLIDE_LEFT,1
22.8116960476,42,BIND_NS,1
22.8129352601,45,SLIDE_LEFT,1
22.8159147477,64,SLIDE_LEFT,1
22.8193389795,16,BIND_NS,1
22.8249660668,44,UNBIND_NS,1
22.8300823005,22,UNBIND_NS,1
22.8346933411,70,SLIDE_LEFT,1
22.8407393825,63,SLIDE_LEFT,1
22.8472788848,73,SLIDE_LEFT,1
22.8486757264,11,SLIDE_LEFT,1
22.8537417405,43,SLIDE_RIGHT,1
22.8556630801,72,SLIDE_RIGHT,1
22.8694913504,46,BIND_NS,1
22.8735360005,44,SLIDE_LEFT,1
22.8776962168,1,SLIDE_RIGHT,1
22.8879462070,69,SLIDE_RIGHT,1
22.8924913448,91,SLIDE_LEFT,1
22.8962524345,11,BIND_NS,1
22.8972322913,4,BIND_NS,1
22.8992106558,32,SLIDE_RIGHT,1
22.9043718335,33,SLIDE_LEFT,1
22.9115152071,8,SLIDE_RIGHT,1
22.9194047695,11,SLIDE_RIGHT,1
22.9211467830,43,SLIDE_RIGHT,1
22.9369122265,44,SLIDE_RIGHT,1
22.9398989451,59,SLIDE_RIGHT,1
22.9487208193,12,UNBIND_NS,1
22.9507352054,2,SLIDE_RIGHT,1
22.9511139152,54,UNBIND_NS,1
22.9553171564,60,SLIDE_LEFT,1
22.9719612072,80,SLIDE_RIGHT,1
22.9859611186,94,SLIDE_LEFT,1
22.9881243979,68,SLIDE_RIGHT,1
22.9898494418,0,UNBIND_NS,1
22.9945047949,89,BIND_NS,1
22.9995414075,8,BIND_NS,1
23.0095484473,28,SLIDE_RIGHT,1
23.0098025206,81,SLIDE_LEFT,1
23.0204584513,23,BIND_NS,1
23.0207450443,29,SLIDE_RIGHT,1
23.0326008074,0,BIND_NS,1
23.0353461515,62,SLIDE_RIGHT,1
23.0366846917,49,SLIDE_RIGHT,1
23.0403932282,85,BIND_NS,1
23.0417050507,52,SLIDE_LEFT,1
23.0521459871,93,SLIDE_LEFT,1
23.0524372595,3,UNBIND_NS,1
23.0621640563,51,SLIDE_RIGHT,1
23.0624009784,19,SLIDE_RIGHT,1
23.0640462848,61,SLIDE_LEFT,1
23.0663825508,69,SLIDE_LEFT,1
23.0675193125,69,BIND_NS,1
23.0696839415,63,SLIDE_RIGHT,1
23.0742678432,48,SLIDE_LEFT,1
23.0852082664,79,SLIDE_LEFT,1
23.0869956456,92,SLIDE_RIGHT,1
23.1070838842,96,SLIDE_RIGHT,1
23.1082863960,13,BIND_NS,1
23.1150072607,42,SLIDE_RIGHT,1
23.1186543066,66,SLIDE_LEFT,1
23.1293381968,87,BIND_NS,1
23.1319480246,18,SLIDE_RIGHT,1
23.1327638408,78,SLIDE_RIGHT,1
23.1396589589,42,BIND_NS,1
23.1403854714,52,SLIDE_RIGHT,1
23.1471139159,37,UNBIND_NS,1
23.1692973497,17,SLIDE_RIGHT,1
23.1696406842,85,SLIDE_RIGHT,1
23.1845263077,24,BIND_NS,1
23.1848949850,65,SLIDE_RIGHT,1
23.1867525071,42,SLIDE_LEFT,1
23.2020464732,76,BIND_NS,1
23.2123352433,30,SLIDE_LEFT,1
23.2158465697,74,SLIDE_RIGHT,1
23.2338226470,81,BIND_NS,1
23.2366630429,41,UNBIND_NS,1
23.2424248196,85,BIND_NS,1
23.2435598979,53,SLIDE_RIGHT,1
23.2504228430,70,SLIDE_RIGHT,1
23.2510271530,96,BIND_NS,1
23.2538323758,54,SLIDE_LEFT,1
23.2555610968,11,BIND_NS,1
23.2599223264,50,SLIDE_RIGHT,1
23.2636721554,75,SLIDE_LEFT,1
23.2638103721,9,UNBIND_NS,1
23.2732805423,71,SLIDE_RIGHT,1
23.2768934032,66,SLIDE_LEFT,1
23.2853345540,51,SLIDE_RIGHT,1
23.2868799673,18,UNBIND_NS,1
23.2896998360,95,SLIDE_LEFT,1
23.2901466574,11,SLIDE_RIGHT,1
23.2977560037,14,BIND_NS,1
23.2994407168,21,BIND_NS,1
23.3124934227,10,SLIDE_RIGHT,1
23.3192910084,65,SLIDE_RIGHT,1
23.3285912509,91,BIND_NS,1
23.3368447236,50,BIND_NS,1
23.3443018856,97,SLIDE_RIGHT,1
23.3461885879,50,SLIDE_LEFT,1
23.3519369296,59,UNBIND_NS,1
23.3583956047,57,BIND_NS,1
23.3728835663,72,UNBIND_NS,1
23.3739322757,79,SLIDE_LEFT,1
23.3740207309,93,SLIDE_LEFT,1
23.3787034970,49,UNBIND_NS,1
23.3851667726,0,SLIDE_RIGHT,1
23.3879954114,94,SLIDE_RIGHT,1
23.3929078300,21,SLIDE_RIGHT,1
23.4027885713,38,SLIDE_LEFT,1
23.4047317452,32,SLIDE_RIGHT,1
23.4107147774,19,SLIDE_LEFT,1
23.4138218398,73,SLIDE_LEFT,1
23.4158033182,33,SLIDE_LEFT,1
23.4232832955,22,SLIDE_LEFT,1
23.4272188287,40,BIND_NS,1
23.4275676380,32,SLIDE_RIGHT,1
23.4412331009,33,SLIDE_RIGHT,1
23.4459568324,78,SLIDE_RIGHT,1
23.4461923617,16,UNBIND_NS,1
23.4465096788,57,UNBIND_NS,1
23.4466123631,68,SLIDE_LEFT,1
23.4490410941,25,SLIDE_RIGHT,1
23.4523853418,1,SLIDE_RIGHT,1
23.4613785775,24,SLIDE_RIGHT,1
23.4618685345,53,SLIDE_RIGHT,1
23.4842581301,67,SLIDE_RIGHT,1
23.4870304487,36,SLIDE_LEFT,1
23.4875581877,74,SLIDE_RIGHT,1
23.4982107914,8,SLIDE_RIGHT,1
23.4987564353,19,BIND_NS,1
23.5030325265,7,SLIDE_RIGHT,1
23.5037317342,66,SLIDE_LEFT,1
23.5112681383,44,BIND_NS,1
23.5130092742,25,SLIDE_LEFT,1
23.5223900794,98,SLIDE_LEFT,1
23.5343085368,79,SLIDE_LEFT,1
23.5345931102,9,UNBIND_NS,1
23.5423597785,81,SLIDE_RIGHT,1
23.5469927243,31,SLIDE_RIGHT,1
23.5481190055,26,SLIDE_RIGHT,1
23.5521682506,94,BIND_NS,1
23.5533982849,27,SLIDE_LEFT,1
23.5552529284,85,SLIDE_LEFT,1
23.5602465026,72,SLIDE_RIGHT,1
23.5636138903,78,SLIDE_RIGHT,1
23.5642180318,37,SLIDE_LEFT,1
23.5653844302,73,UNBIND_NS,1
23.5728408476,54,SLIDE_RIGHT,1
23.5735582780,99,SLIDE_LEFT,1
23.5754628817,52,SLIDE_LEFT,1
23.5826746822,71,BIND_NS,1
23.6108192907,51,SLIDE_RIGHT,1
23.6110159105,73,BIND_NS,1
23.6150758991,58,SLIDE_RIGHT,1
23.6192691226,34,SLIDE_LEFT,1
23.6195234806,15,BIND_NS,1
23.6222704576,79,SLIDE_LEFT,1
23.6325121692,21,SLIDE_RIGHT,1
23.6329213452,2,SLIDE_LEFT,1
23.6333525797,66,BIND_NS,1
23.6350050523,78,SLIDE_RIGHT,1
23.6383640331,82,SLIDE_RIGHT,1
23.6486677920,84,UNBIND_NS,1
23.6535289817,83,SLIDE_RIGHT,1
23.6862633342,6,SLIDE_RIGHT,1
23.6983947245,67,BIND_NS,1
23.7069052736,20,SLIDE_RIGHT,1
23.7329181001,11,UNBIND_NS,1
23.7539866127,68,UNBIND_NS,1
23.7595452427,34,BIND_NS,1
23.7702443392,29,SLIDE_RIGHT,1
23.7735450879,87,SLIDE_RIGHT,1
23.7794290494,69,SLIDE_RIGHT,1
23.7822284491,84,SLIDE_RIGHT,1
23.7900503001,78,BIND_NS,1
23.7929711531,89,UNBIND_NS,1
23.8059543317,55,SLIDE_RIGHT,1
23.8060196792,71,SLIDE_RIGHT,1
23.8107246007,4,SLIDE_LEFT,1
23.8119333931,75,SLIDE_LEFT,1
23.8147792692,22,UNBIND_NS,1
23.8199535896,76,SLIDE_RIGHT,1
23.8238412464,18,UNBIND_NS,1
23.8283137107,90,SLIDE_LEFT,1
23.8467821555,3,UNBIND_NS,1
23.8490840203,21,SLIDE_RIGHT,1
23.8757893540,47,SLIDE_RIGHT,1
23.8764717609,59,UNBIND_NS,1
23.8806078028,19,UNBIND_NS,1
23.8813786008,94,SLIDE_LEFT,1
23.8963785408,77,UNBIND_NS,1
23.8978120286,89,UNBIND_NS,1
23.9096025190,32,SLIDE_LEFT,1
23.9115918398,64,SLIDE_LEFT,1
23.9159744282,63,UNBIND_NS,1
23.9241669490,8,UNBIND_NS,1
23.9266401426,39,SLIDE_LEFT,1
23.9267469048,12,SLIDE_LEFT,1
23.9374881743,72,SLIDE_LEFT,1
23.9382349866,68,BIND_NS,1
23.9391875263,11,SLIDE_LEFT,1
23.9408908309,75,BIND_NS,1
23.9411237539,90,BIND_NS,1
23.9505912712,48,SLIDE_LEFT,1
23.9567358042,69,BIND_NS,1
23.9713120896,39,BIND_NS,1
23.9924183307,98,UNBIND_NS,1
23.9973384704,88,SLIDE_RIGHT,1
23.9979715337,7,UNBIND_NS,1
24.0013564596,93,SLIDE_RIGHT,1
24.0037413077,26,SLIDE_RIGHT,1
24.0136267291,56,SLIDE_RIGHT,1
24.0247209061,12,BIND_NS,1
24.0330874794,1,SLIDE_LEFT,1
24.0367117930,78,UNBIND_NS,1
24.0459393419,24,SLIDE_RIGHT,1
24.0546561130,8,BIND_NS,1
24.0723359018,83,BIND_NS,1
24.0738786294,63,BIND_NS,1
24.0739383357,85,UNBIND_NS,1
24.0768723104,33,SLIDE_LEFT,1
24.0958899501,15,UNBIND_NS,1
24.1192956444,27,SLIDE_LEFT,1
24.1279342254,73,SLIDE_LEFT,1
24.1316595306,12,UNBIND_NS,1
24.1322016374,34,SLIDE_LEFT,1
24.1365349688,95,UNBIND_NS,1
24.1443157327,88,BIND_NS,1
24.1473783428,88,SLIDE_LEFT,1
24.1496776013,74,SLIDE_LEFT,1
24.1523960552,65,SLIDE_LEFT,1
24.1658740449,5,UNBIND_NS,1
24.1737984189,38,SLIDE_LEFT,1
24.1803722911,63,SLIDE_LEFT,1
24.1855464384,95,BIND_NS,1
24.1901001180,92,SLIDE_RIGHT,1
24.1928591745,60,SLIDE_RIGHT,1
24.2004632653,8,SLIDE_RIGHT,1
24.2007023212,86,SLIDE_LEFT,1
24.2043178448,98,BIND_NS,1
24.2115104652,96,UNBIND_NS,1
24.2201506280,89,SLIDE_LEFT,1
24.2267489553,40,UNBIND_NS,1
24.2457830693,90,SLIDE_LEFT,1
24.2468662917,97,SLIDE_LEFT,1
24.2490498328,17,BIND_NS,1
24.2529887125,78,BIND_NS,1
24.2714836233,13,SLIDE_LEFT,1
24.2729369185,84,BIND_NS,1
24.2755767214,26,SLIDE_RIGHT,1
24.2922518652,33,SLIDE_RIGHT,1
24.2927241924,0,SLIDE_RIGHT,1
24.3068380459,57,UNBIND_NS,1
24.3232486434,37,SLIDE_RIGHT,1
24.3250117640,1,SLIDE_LEFT,1
24.3288746283,47,SLIDE_RIGHT,1
24.3314022918,0,UNBIND_NS,1
24.3471117769,62,UNBIND_NS,1
24.3559503826,46,UNBIND_NS,1
24.3564630075,13,BIND_NS,1
24.3674012429,19,BIND_NS,1
24.3702750697,32,UNBIND_NS,1
24.3748577510,81,BIND_NS,1
24.3759489504,58,BIND_NS,1
24.3768625351,25,UNBIND_NS,1
24.3779492031,43,SLIDE_LEFT,1
24.3831578284,42,SLIDE_RIGHT,1
24.3884125829,66,SLIDE_LEFT,1
24.3889549410,58,SLIDE_LEFT,1
24.3946088101,67,SLIDE_LEFT,1
24.4057368606,89,SLIDE_RIGHT,1
24.4087140145,38,SLIDE_LEFT,1
24.4137189062,37,SLIDE_RIGHT,1
24.4139157137,78,SLIDE_LEFT,1
24.4174490330,57,SLIDE_RIGHT,1
24.4190532208,18,BIND_NS,1
24.4222487567,66,SLIDE_RIGHT,1
24.4294977096,23,UNBIND_NS,1
24.4372485241,36,SLIDE_RIGHT,1
24.4401820218,19,UNBIND_NS,1
24.4476308308,98,SLIDE_RIGHT,1
24.4478319398,80,UNBIND_NS,1
24.4621189100,90,SLIDE_LEFT,1
24.4630012645,20,BIND_NS,1
24.4649174895,79,UNBIND_NS,1
24.4673901642,7,BIND_NS,1
24.4753229577,48,SLIDE_RIGHT,1
24.4791092032,93,SLIDE_LEFT,1
24.4827117444,73,SLIDE_RIGHT,1
24.5007377905,10,SLIDE_RIGHT,1
24.5013053207,9,UNBIND_NS,1
24.5044787369,81,SLIDE_LEFT,1
24.5075102232,58,SLIDE_LEFT,1
24.5088305240,93,BIND_NS,1
24.5141428126,65,UNBIND_NS,1
24.5244405703,27,SLIDE_RIGHT,1
24.5438062961,43,UNBIND_NS,1
24.5467853122,46,BIND_NS,1
24.5557374702,83,SLIDE_LEFT,1
24.5762134122,19,BIND_NS,1
24.5837071622,35,UNBIND_NS,1
24.6148759947,57,UNBIND_NS,1
24.6410094725,7,SLIDE_LEFT,1
24.6455027640,74,UNBIND_NS,1
24.6509180404,34,SLIDE_RIGHT,1
24.6574674223,38,UNBIND_NS,1
24.6598240402,89,UNBIND_NS,1
24.6680218829,85,SLIDE_RIGHT,1
24.6701395292,96,UNBIND_NS,1
24.6721733247,55,BIND_NS,1
24.6727264322,57,BIND_NS,1
24.6788960918,38,BIND_NS,1
24.6789774153,82,SLIDE_LEFT,1
24.6905393910,74,BIND_NS,1
24.6979753961,64,SLIDE_RIGHT,1
24.7074369665,56,BIND_NS,1
24.7087001212,39,UNBIND_NS,1
24.7114435194,46,SLIDE_RIGHT,1
24.7226261032,31,SLIDE_RIGHT,1
24.7263521987,57,SLIDE_RIGHT,1
24.7438085858,32,UNBIND_NS,1
24.7453197181,15,BIND_NS,1
24.7453502301,8,BIND_NS,1
24.7502458537,88,UNBIND_NS,1
24.7547631261,6,SLIDE_LEFT,1
24.7584770763,52,SLIDE_RIGHT,1
24.7655267771,12,UNBIND_NS,1
24.7683564490,8,SLIDE_LEFT,1
24.7717449250,56,UNBIND_NS,1
24.7739794419,80,UNBIND_NS,1
24.7904533313,94,UNBIND_NS,1
24.7920967739,95,SLIDE_RIGHT,1
24.7946784424,9,BIND_NS,1
24.7966963277,50,BIND_NS,1
24.7986514453,37,SLIDE_LEFT,1
24.8003997532,87,UNBIND_NS,1
24.8205352917,5,SLIDE_RIGHT,1
24.8264462593,35,SLIDE_LEFT,1
24.8415696911,58,SLIDE_RIGHT,1
24.8430206556,86,SLIDE_LEFT,1
24.8457139913,61,SLIDE_RIGHT,1
24.8559694999,44,UNBIND_NS,1
24.8592204095,15,SLIDE_RIGHT,1
24.8714745400,52,BIND_NS,1
24.8813816058,6,SLIDE_LEFT,1
24.8814243133,34,UNBIND_NS,1
24.8838328583,75,SLIDE_RIGHT,1
24.8866413617,5,UNBIND_NS,1
24.8888901332,62,SLIDE_LEFT,1
24.9047052162,22,SLIDE_LEFT,1
24.9096502156,32,BIND_NS,1
24.9105022888,9,SLIDE_RIGHT,1
24.9158127266,47,SLIDE_RIGHT,1
24.9197941248,30,SLIDE_RIGHT,1
24.9322340995,77,UNBIND_NS,1
24.9430675676,33,BIND_NS,1
24.9436769187,8,BIND_NS,1
24.9530674032,10,SLIDE_LEFT,1
24.9608283050,85,SLIDE_RIGHT,1
24.9624359801,44,BIND_NS,1
24.9665838946,65,UNBIND_NS,1
24.9726562747,14,SLIDE_RIGHT,1
24.9773678640,61,SLIDE_LEFT,1
24.9821785596,96,SLIDE_LEFT,1
24.9828892334,66,BIND_NS,1
24.9849555670,43,BIND_NS,1
24.9916975711,52,UNBIND_NS,1
24.9925946157,28,SLIDE_RIGHT,1
24.9955493085,84,SLIDE_RIGHT,1
25.0095161474,50,SLIDE_RIGHT,1
25.0217291666,21,UNBIND_NS,1
25.0226331763,68,UNBIND_NS,1
25.0312423782,33,SLIDE_RIGHT,1
25.0349820559,55,SLIDE_LEFT,1
25.0355488174,96,BIND_NS,1
25.0522829528,29,SLIDE_RIGHT,1
25.0561733070,16,UNBIND_NS,1
25.0591792512,52,BIND_NS,1
25.0702381260,76,SLIDE_LEFT,1
25.0744048413,70,UNBIND_NS,1
25.0760634384,71,SLIDE_LEFT,1
25.0823480841,69,UNBIND_NS,1
25.0923015876,93,SLIDE_RIGHT,1
25.0957772707,30,UNBIND_NS,1
25.1001459108,9,SLIDE_RIGHT,1
25.1055023796,27,BIND_NS,1
25.1207812741,59,SLIDE_LEFT,1
25.1230505089,54,SLIDE_RIGHT,1
25.1232547663,67,SLIDE_RIGHT,1
25.1296599745,92,SLIDE_RIGHT,1
25.1443604927,15,SLIDE_RIGHT,1
25.1576223728,72,SLIDE_RIGHT,1
25.1587514773,49,SLIDE_RIGHT,1
25.1601227955,78,BIND_NS,1
25.1619161832,24,BIND_NS,1
25.1664786061,20,SLIDE_RIGHT,1
25.1714052304,91,SLIDE_LEFT,1
25.1747223675,96,SLIDE_RIGHT,1
25.1772617755,48,UNBIND_NS,1
25.1777128054,24,SLIDE_RIGHT,1
25.1798234944,60,SLIDE_RIGHT,1
25.1899692331,25,SLIDE_LEFT,1
25.1942291825,36,SLIDE_RIGHT,1
25.1946815399,90,SLIDE_RIGHT,1
25.2005232484,67,BIND_NS,1
25.2076819766,21,SLIDE_RIGHT,1
25.2087327694,81,SLIDE_LEFT,1
25.2095115361,61,SLIDE_RIGHT,1
25.2230464385,13,SLIDE_LEFT,1
25.2315396450,19,SLIDE_RIGHT,1
25.2507595480,32,SLIDE_RIGHT,1
25.2575185651,48,BIND_NS,1
25.2777836170,91,SLIDE_LEFT,1
25.2793296878,67,UNBIND_NS,1
25.2827177231,58,SLIDE_RIGHT,1
25.2846337407,97,SLIDE_LEFT,1
25.2925357402,56,BIND_NS,1
25.2956271798,68,UNBIND_NS,1
25.2965842026,78,SLIDE_RIGHT,1
25.2973482771,93,SLIDE_LEFT,1
25.3040714882,39,BIND_NS,1
25.3061907232,53,SLIDE_RIGHT,1
25.3125706957,54,SLIDE_LEFT,1
25.3218309136,14,BIND_NS,1
25.3231733038,86,SLIDE_RIGHT,1
25.3278996847,14,SLIDE_RIGHT,1
25.3386669859,23,BIND_NS,1
25.3398860864,31,SLIDE_LEFT,1
25.3418424394,62,SLIDE_LEFT,1
25.3504180504,56,SLIDE_RIGHT,1
25.3511499376,33,UNBIND_NS,1
25.3538307644,48,SLIDE_RIGHT,1
25.3736444918,70,SLIDE_RIGHT,1
25.3747508860,10,SLIDE_LEFT,1
25.3779234718,27,SLIDE_RIGHT,1
25.3854135239,88,BIND_NS,1
25.3871934771,53,SLIDE_RIGHT,1
25.3915481941,37,SLIDE_LEFT,1
25.4000405151,30,SLIDE_RIGHT,1
25.4007311975,84,BIND_NS,1
25.4075045875,90,SLIDE_LEFT,1
25.4170205322,71,SLIDE_LEFT,1
25.4205973503,56,BIND_NS,1
25.4275410709,34,SLIDE_LEFT,1
25.4350321018,12,SLIDE_RIGHT,1
25.4460770109,7,SLIDE_LEFT,1
25.4461206329,11,UNBIND_NS,1
25.4505283463,57,SLIDE_RIGHT,1
25.4512305276,96,SLIDE_RIGHT,1
25.4513993353,80,UNBIND_NS,1
25.4569426248,13,SLIDE_RIGHT,1
25.4575531204,36,SLIDE_RIGHT,1
25.4689068446,28,SLIDE_RIGHT,1
25.4760653749,64,BIND_NS,1
25.4768582528,84,SLIDE_LEFT,1
25.4955782015,39,SLIDE_RIGHT,1
25.5050492331,20,UNBIND_NS,1
25.5068123034,95,SLIDE_RIGHT,1
25.5072490326,97,SLIDE_RIGHT,1
25.5124763817,31,SLIDE_RIGHT,1
25.5187789728,54,SLIDE_LEFT,1
25.5191507696,53,UNBIND_NS,1
25.5227783398,45,SLIDE_RIGHT,1
25.5289908412,29,SLIDE_RIGHT,1
25.5410683666,58,UNBIND_NS,1
25.5472789045,26,BIND_NS,1
25.5479721460,70,SLIDE_RIGHT,1
25.5520577467,30,SLIDE_LEFT,1
25.5577830559,52,SLIDE_RIGHT,1
25.5586677692,63,BIND_NS,1
25.5744190783,98,SLIDE_LEFT,1
25.5755459280,56,SLIDE_RIGHT,1
25.5839764222,87,SLIDE_LEFT,1
25.5950569314,24,SLIDE_RIGHT,1
25.5976847507,85,SLIDE_LEFT,1
25.6022484030,42,BIND_NS,1
25.6027438644,94,SLIDE_LEFT,1
25.6118416887,40,SLIDE_RIGHT,1
25.6232351696,97,UNBIND_NS,1
25.6329146124,44,SLIDE_RIGHT,1
25.6341751126,95,BIND_NS,1
25.6349342050,29,SLIDE_RIGHT,1
25.6350788592,43,UNBIND_NS,1
25.6356582479,42,SLIDE_RIGHT,1
25.6377976751,30,SLIDE_LEFT,1
25.6386229285,92,UNBIND_NS,1
25.6477649552,93,SLIDE_RIGHT,1
25.6543286953,31,BIND_NS,1
25.6580806651,59,SLIDE_LEFT,1
25.6613544475,14,SLIDE_LEFT,1
25.6614338618,84,SLIDE_RIGHT,1
25.6655837266,20,BIND_NS,1
25.6723618561,7,BIND_NS,1
25.6781434814,61,SLIDE_RIGHT,1
25.6798654717,88,SLIDE_LEFT,1
25.6830012667,22,UNBIND_NS,1
25.6866923601,99,SLIDE_LEFT,1
25.6900513212,33,SLIDE_RIGHT,1
25.6902067299,85,SLIDE_LEFT,1
25.6973330687,45,SLIDE_LEFT,1
25.6981185023,16,UNBIND_NS,1
25.7003412633,55,SLIDE_LEFT,1
25.7006584258,87,UNBIND_NS,1
25.7040903320,23,UNBIND_NS,1
25.7100982917,38,SLIDE_RIGHT,1
25.7281951484,89,SLIDE_RIGHT,1
25.7482655005,64,SLIDE_RIGHT,1
25.7539065848,29,UNBIND_NS,1
25.7546659140,79,UNBIND_NS,1
25.7560721209,24,BIND_NS,1
25.7703950129,34,SLIDE_LEFT,1
25.7709585022,86,SLIDE_LEFT,1
25.7714506827,38,BIND_NS,1
25.7860261330,20,SLIDE_RIGHT,1
25.7916868822,90,SLIDE_RIGHT,1
25.7954807379,21,SLIDE_LEFT,1
25.7965814298,65,UNBIND_NS,1
25.7986260102,67,BIND_NS,1
25.8007350361,17,SLIDE_LEFT,1
25.8221313523,97,BIND_NS,1
25.8224228745,13,SLIDE_RIGHT,1
25.8277112090,97,UNBIND_NS,1
25.8277833348,16,SLIDE_RIGHT,1
25.8300489480,14,UNBIND_NS,1
25.8529916666,84,UNBIND_NS,1
25.8544213031,20,SLIDE_LEFT,1
25.8644834755,54,SLIDE_RIGHT,1
25.8661492952,19,SLIDE_RIGHT,1
25.8716157109,25,UNBIND_NS,1
25.8743244024,67,UNBIND_NS,1
25.8764337547,57,UNBIND_NS,1
25.8765920349,9,SLIDE_RIGHT,1
25.9046346324,66,SLIDE_LEFT,1
25.9068228682,30,BIND_NS,1
25.9093375177,71,SLIDE_RIGHT,1
25.9161345317,75,SLIDE_RIGHT,1
25.9246664182,39,SLIDE_RIGHT,1
25.9272059456,53,UNBIND_NS,1
25.9356904987,51,SLIDE_RIGHT,1
25.9407516392,85,SLIDE_LEFT,1
25.9410139853,24,SLIDE_RIGHT,1
25.9418438683,41,SLIDE_RIGHT,1
25.9565227526,40,SLIDE_LEFT,1
25.9594454893,10,SLIDE_RIGHT,1
25.9621286586,28,BIND_NS,1
25.9663699287,20,SLIDE_LEFT,1
25.9753410516,58,SLIDE_LEFT,1
25.9842912970,57,SLIDE_LEFT,1
26.0079583904,12,BIND_NS,1
26.0163234205,72,SLIDE_LEFT,1
26.0264545273,63,SLIDE_RIGHT,1
26.0475272755,71,SLIDE_LEFT,1
26.0529473262,52,UNBIND_NS,1
26.0585286535,54,BIND_NS,1
26.0662513302,37,SLIDE_LEFT,1
26.0681197262,4,BIND_NS,1
26.0692385368,50,SLIDE_RIGHT,1
26.0719386866,36,SLIDE_RIGHT,1
26.0800102649,28,SLIDE_LEFT,1
26.0805315475,98,UNBIND_NS,1
26.0835336122,47,BIND_NS,1
26.0843394320,74,SLIDE_RIGHT,1
26.0853513080,56,SLIDE_RIGHT,1
26.0856034694,73,SLIDE_RIGHT,1
26.0898167783,30,UNBIND_NS,1
26.1085528891,46,SLIDE_LEFT,1
26.1176805296,15,SLIDE_LEFT,1
26.1200123330,12,SLIDE_RIGHT,1
26.1300028078,54,SLIDE_LEFT,1
26.1314496493,55,SLIDE_RIGHT,1
26.1357605166,65,SLIDE_RIGHT,1
26.1550815577,16,BIND_NS,1
26.1624855825,76,SLIDE_RIGHT,1
26.1632135572,66,SLIDE_LEFT,1
26.1706890702,91,SLIDE_RIGHT,1
26.1851036984,27,SLIDE_RIGHT,1
26.1883313595,70,SLIDE_LEFT,1
26.1917597846,42,UNBIND_NS,1
26.1973516231,94,SLIDE_LEFT,1
26.2000260890,43,SLIDE_LEFT,1
26.2030507489,82,BIND_NS,1
26.2071942585,95,SLIDE_LEFT,1
26.2126722424,43,BIND_NS,1
26.2278495836,71,BIND_NS,1
26.2376061760,51,SLIDE_RIGHT,1
26.2443836644,22,BIND_NS,1
26.2543096214,4,SLIDE_LEFT,1
26.2581548903,45,UNBIND_NS,1
26.2623806211,3,SLIDE_RIGHT,1
26.2681238156,11,SLIDE_LEFT,1
26.2694109095,62,SLIDE_RIGHT,1
26.2698659235,68,BIND_NS,1
26.2734486351,22,SLIDE_LEFT,1
26.2772985272,71,SLIDE_RIGHT,1
26.2797023946,9,BIND_NS,1
26.2807799675,96,SLIDE_RIGHT,1
26.2938523297,16,SLIDE_LEFT,1
26.2942292576,94,UNBIND_NS,1
26.2969034766,25,SLIDE_LEFT,1
26.2970298879,95,BIND_NS,1
26.3030561890,85,BIND_NS,1
26.3055809013,26,SLIDE_RIGHT,1
26.3113734412,15,SLIDE_RIGHT,1
26.3147397329,13,SLIDE_LEFT,1
26.3170007751,74,SLIDE_LEFT,1
26.3207624977,20,BIND_NS,1
26.3259204721,12,SLIDE_LEFT,1
26.3401613617,57,SLIDE_RIGHT,1
26.3492458456,32,UNBIND_NS,1
26.3557213200,95,UNBIND_NS,1
26.3692274899,86,BIND_NS,1
26.3706053875,39,SLIDE_RIGHT,1
26.3790095136,24,SLIDE_LEFT,1
26.3812240814,14,SLIDE_LEFT,1
26.3889465760,13,SLIDE_RIGHT,1
26.3932124582,92,SLIDE_LEFT,1
26.3950975341,47,SLIDE_RIGHT,1
26.3982091946,58,SLIDE_RIGHT,1
26.4054786258,82,SLIDE_LEFT,1
26.4061541653,33,SLIDE_RIGHT,1
26.4230004744,97,SLIDE_LEFT,1
26.4233445847,21,SLIDE_RIGHT,1
26.4236203505,44,UNBIND_NS,1
26.4291697301,83,UNBIND_NS,1
26.4305749372,5,BIND_NS,1
26.4401308516,3,BIND_NS,1
26.4631574441,13,BIND_NS,1
26.4644077297,22,SLIDE_LEFT,1
26.4732515930,42,SLIDE_LEFT,1
26.4736030131,1,BIND_NS,1
26.4776581010,92,BIND_NS,1
26.4823367463,81,SLIDE_LEFT,1
26.4975307523,23,SLIDE_RIGHT,1
26.5082650888,80,UNBIND_NS,1
26.5096889937,24,SLIDE_LEFT,1
26.5469721580,43,SLIDE_LEFT,1
26.5495276635,56,SLIDE_LEFT,1
26.5627550064,13,SLIDE_LEFT,1
26.5659770450,69,SLIDE_RIGHT,1
26.5704018816,28,SLIDE_RIGHT,1
26.5712624921,29,SLIDE_RIGHT,1
26.5834923696,1,UNBIND_NS,1
26.6049389129,77,SLIDE_RIGHT,1
26.6147369792,65,SLIDE_RIGHT,1
26.6150128799,27,SLIDE_RIGHT,1
26.6241146427,12,SLIDE_RIGHT,1
26.6265057943,75,SLIDE_LEFT,1
26.6365553695,45,BIND_NS,1
26.6487449175,3,UNBIND_NS,1
26.6512080827,96,SLIDE_LEFT,1
26.6512962245,57,BIND_NS,1
26.6520416790,28,UNBIND_NS,1
26.6573394325,78,UNBIND_NS,1
26.6625707925,44,BIND_NS,1
26.6688747669,94,BIND_NS,1
26.6708508156,44,UNBIND_NS,1
26.6924660564,48,SLIDE_LEFT,1
26.6982749844,59,SLIDE_RIGHT,1
26.7107320447,40,SLIDE_LEFT,1
26.7141831089,99,BIND_NS,1
26.7188005154,55,SLIDE_LEFT,1
26.7316664660,60,SLIDE_LEFT,1
26.7372238364,49,SLIDE_RIGHT,1
26.7381981910,85,UNBIND_NS,1
26.7502985052,57,SLIDE_RIGHT,1
26.7549332538,62,BIND_NS,1
26.7573437864,59,SLIDE_RIGHT,1
26.7581545742,47,SLIDE_RIGHT,1
26.7889017806,86,UNBIND_NS,1
26.7923398468,48,SLIDE_RIGHT,1
26.8116410494,70,SLIDE_LEFT,1
26.8131629229,30,SLIDE_LEFT,1
26.8271746876,40,BIND_NS,1
26.8279036613,58,SLIDE_LEFT,1
26.8310270868,66,UNBIND_NS,1
26.8374538662,31,SLIDE_RIGHT,1
26.8395804954,11,SLIDE_RIGHT,1
26.8416926406,38,UNBIND_NS,1
26.8525778145,95,UNBIND_NS,1
26.8535544081,99,SLIDE_LEFT,1
26.8545480327,23,SLIDE_RIGHT,1
26.8561274082,24,SLIDE_RIGHT,1
26.8613833639,84,SLIDE_LEFT,1
26.8688596728,69,SLIDE_RIGHT,1
26.8690698602,77,BIND_NS,1
26.8745332177,5,UNBIND_NS,1
26.8765148245,13,UNBIND_NS,1
26.8772703506,68,SLIDE_LEFT,1
26.8779997239,25,SLIDE_RIGHT,1
26.8830226937,18,UNBIND_NS,1
26.8958074364,77,SLIDE_RIGHT,1
26.9026536229,21,SLIDE_RIGHT,1
26.9031625933,60,SLIDE_RIGHT,1
26.9127936429,20,UNBIND_NS,1
26.9142441457,42,UNBIND_NS,1
26.9219156562,49,SLIDE_LEFT,1
26.9326552388,26,SLIDE_RIGHT,1
26.9340578067,50,SLIDE_RIGHT,1
26.9341301428,64,SLIDE_RIGHT,1
26.9364854338,4,SLIDE_LEFT,1
26.9375454303,22,SLIDE_LEFT,1
26.9706855058,98,SLIDE_LEFT,1
26.9756796592,28,BIND_NS,1
26.9757062357,74,SLIDE_RIGHT,1
26.9782073860,83,SLIDE_RIGHT,1
26.9805351652,67,SLIDE_RIGHT,1
26.9810724482,84,SLIDE_LEFT,1
26.9944811629,65,SLIDE_RIGHT,1
26.9979137452,10,SLIDE_RIGHT,1
27.0103877925,86,BIND_NS,1
27.0121643298,81,BIND_NS,1
27.0253701506,75,SLIDE_RIGHT,1
27.0256579163,83,SLIDE_RIGHT,1
27.0267234525,73,SLIDE_RIGHT,1
27.0276798465,68,SLIDE_LEFT,1
27.0278042255,79,BIND_NS,1
27.0318244911,54,SLIDE_RIGHT,1
27.0318946412,45,SLIDE_LEFT,1
27.0377926504,74,SLIDE_RIGHT,1
27.0447048908,81,SLIDE_LEFT,1
27.0505753261,19,UNBIND_NS,1
27.0561638529,3,UNBIND_NS,1
27.0585118955,72,SLIDE_RIGHT,1
27.0736182003,40,UNBIND_NS,1
27.0763288713,21,SLIDE_LEFT,1
27.0780097294,53,SLIDE_RIGHT,1
27.0872010954,34,SLIDE_RIGHT,1
27.0877509377,20,SLIDE_LEFT,1
27.0912517348,17,SLIDE_RIGHT,1
27.0926310211,19,SLIDE_RIGHT,1
27.1000788902,50,BIND_NS,1
27.1001317407,66,SLIDE_LEFT,1
27.1008625673,70,SLIDE_RIGHT,1
27.1041496598,6,UNBIND_NS,1
27.1100084756,12,SLIDE_RIGHT,1
27.1100976267,48,SLIDE_LEFT,1
27.1115000483,57,SLIDE_RIGHT,1
27.1135855662,20,SLIDE_LEFT,1
27.1191247597,52,SLIDE_RIGHT,1
27.1317205607,44,SLIDE_RIGHT,1
27.1347702006,44,BIND_NS,1
27.1354790491,66,BIND_NS,1
27.1386129716,11,SLIDE_RIGHT,1
27.1431290626,71,SLIDE_RIGHT,1
27.1444080734,97,SLIDE_LEFT,1
27.1533810640,12,UNBIND_NS,1
27.1564345773,63,SLIDE_RIGHT,1
27.1597557175,91,SLIDE_LEFT,1
27.1605722066,75,SLIDE_LEFT,1
27.1636783367,47,SLIDE_LEFT,1
27.1653342875,96,UNBIND_NS,1
27.1681089447,84,SLIDE_LEFT,1
27.1727682717,51,SLIDE_RIGHT,1
27.1747284306,90,UNBIND_NS,1
27.1860140282,61,SLIDE_LEFT,1
27.1887597577,80,SLIDE_RIGHT,1
27.1969440546,91,BIND_NS,1
27.2046487621,81,SLIDE_RIGHT,1
27.2104583108,39,UNBIND_NS,1
27.2301266863,91,UNBIND_NS,1
27.2396357506,86,SLIDE_LEFT,1
27.2429534491,35,SLIDE_RIGHT,1
27.2437034409,85,SLIDE_RIGHT,1
27.2455263316,94,UNBIND_NS,1
27.2570930503,58,SLIDE_RIGHT,1
27.2635610911,67,SLIDE_RIGHT,1
27.2694209870,76,UNBIND_NS,1
27.2838055576,14,UNBIND_NS,1
27.2848258428,30,BIND_NS,1
27.2906425552,21,BIND_NS,1
27.3018641743,50,SLIDE_RIGHT,1
27.3036204380,93,SLIDE_RIGHT,1
27.3036600693,12,BIND_NS,1
27.3224857450,87,BIND_NS,1
27.3344863103,86,UNBIND_NS,1
27.3420064214,37,SLIDE_RIGHT,1
27.3919897941,87,SLIDE_RIGHT,1
27.3977344268,29,UNBIND_NS,1
27.3984024409,28,SLIDE_RIGHT,1
27.4051700751,27,SLIDE_RIGHT,1
27.4075092094,21,SLIDE_RIGHT,1
27.4130502512,83,SLIDE_RIGHT,1
27.4201327112,22,SLIDE_LEFT,1
27.4232639107,38,SLIDE_RIGHT,1
27.4270649144,18,SLIDE_LEFT,1
27.4276203094,32,UNBIND_NS,1
27.4449248797,16,SLIDE_LEFT,1
27.4507537837,68,SLIDE_LEFT,1
27.4551403464,10,BIND_NS,1
27.4630932103,13,SLIDE_RIGHT,1
27.4637763172,44,SLIDE_LEFT,1
27.4686022457,56,BIND_NS,1
27.4825009685,46,SLIDE_RIGHT,1
27.4871280790,21,SLIDE_RIGHT,1
27.4939731613,84,SLIDE_LEFT,1
27.4941375236,88,SLIDE_LEFT,1
27.5053615370,62,SLIDE_LEFT,1
27.5231379013,94,UNBIND_NS,1
27.5235023858,74,UNBIND_NS,1
27.5311666683,60,UNBIND_NS,1
27.5336067456,17,SLIDE_RIGHT,1
27.5459330961,98,BIND_NS,1
27.5540643920,36,SLIDE_LEFT,1
27.5668223746,47,SLIDE_RIGHT,1
27.5733974890,22,SLIDE_RIGHT,1
27.5765765348,61,SLIDE_LEFT,1
27.5872978005,19,SLIDE_RIGHT,1
27.5874299213,98,SLIDE_RIGHT,1
27.5894922623,60,UNBIND_NS,1
27.5917159082,28,UNBIND_NS,1
27.5938208839,67,SLIDE_RIGHT,1
27.5958764106,33,BIND_NS,1
27.5969976360,82,SLIDE_LEFT,1
27.6014939536,35,SLIDE_LEFT,1
27.6175782335,30,SLIDE_RIGHT,1
27.6193053385,59,SLIDE_RIGHT,1
27.6279764193,66,SLIDE_RIGHT,1
27.6293594392,87,SLIDE_RIGHT,1
27.6504704825,10,UNBIND_NS,1
27.6564717924,18,SLIDE_LEFT,1
27.6606087337,53,UNBIND_NS,1
27.6654990876,78,SLIDE_LEFT,1
27.6727279461,43,SLIDE_RIGHT,1
27.6751866705,41,SLIDE_LEFT,1
27.6892602885,29,UNBIND_NS,1
27.6920257078,17,UNBIND_NS,1
27.6975560081,31,UNBIND_NS,1
27.7021059807,88,SLIDE_LEFT,1
27.7041089911,23,SLIDE_LEFT,1
27.7041202708,1,BIND_NS,1
27.7074947022,49,BIND_NS,1
27.7123818090,81,SLIDE_RIGHT,1
27.7160834314,23,BIND_NS,1
27.7187234871,68,UNBIND_NS,1
27.7219031139,55,UNBIND_NS,1
27.7266603544,56,SLIDE_LEFT,1
27.7267421954,9,SLIDE_RIGHT,1
27.7327350419,12,SLIDE_LEFT,1
27.7639211959,40,SLIDE_RIGHT,1
27.7697294695,31,BIND_NS,1
27.7721864874,8,SLIDE_RIGHT,1
27.7772932287,45,SLIDE_RIGHT,1
27.7839063913,87,SLIDE_LEFT,1
27.7842933223,33,UNBIND_NS,1
27.7844481403,46,SLIDE_RIGHT,1
27.7969223488,73,SLIDE_RIGHT,1
27.7996079895,63,BIND_NS,1
27.8006611170,33,BIND_NS,1
27.8031300778,31,SLIDE_LEFT,1
27.8102137828,79,UNBIND_NS,1
27.8107662327,60,UNBIND_NS,1
27.8198874248,80,BIND_NS,1
27.8287472396,95,BIND_NS,1
27.8386568605,30,SLIDE_RIGHT,1
27.8394997174,72,SLIDE_LEFT,1
27.8551690205,39,SLIDE_LEFT,1
27.8611155611,96,BIND_NS,1
27.8631400564,7,SLIDE_RIGHT,1
27.8700363821,53,BIND_NS,1
27.8877566089,67,SLIDE_RIGHT,1
27.8881375913,44,SLIDE_LEFT,1
27.8955301397,99,SLIDE_LEFT,1
27.8994488911,41,SLIDE_LEFT,1
27.9014020605,27,BIND_NS,1
27.9026113590,27,SLIDE_LEFT,1
27.9040029728,77,SLIDE_LEFT,1
27.9129140625,74,SLIDE_RIGHT,1
27.9136658963,66,BIND_NS,1
27.9140452216,49,SLIDE_RIGHT,1
27.9142859512,40,SLIDE_LEFT,1
27.9262845223,10,UNBIND_NS,1
27.9341256221,64,UNBIND_NS,1
27.9449155741,15,SLIDE_RIGHT,1
27.9510992173,26,UNBIND_NS,1
27.9544976439,83,SLIDE_RIGHT,1
27.9774596346,39,SLIDE_RIGHT,1
27.9787715885,82,SLIDE_LEFT,1
27.9859888430,22,SLIDE_LEFT,1
27.9917418870,40,SLIDE_RIGHT,1
27.9967515428,33,UNBIND_NS,1
27.9994714461,1,SLIDE_LEFT,1
28.0094422420,9,SLIDE_RIGHT,1
28.0118991368,81,SLIDE_RIGHT,1
28.0258341683,76,SLIDE_RIGHT,1
28.0317098377,95,UNBIND_NS,1
28.0326594763,10,UNBIND_NS,1
28.0434450161,23,UNBIND_NS,1
28.0462001559,14,UNBIND_NS,1
28.0562988046,96,SLIDE_LEFT,1
28.0601300771,43,UNBIND_NS,1
28.0682784212,16,SLIDE_LEFT,1
28.0779155013,0,SLIDE_RIGHT,1
28.0785165422,82,SLIDE_LEFT,1
28.0802231795,38,SLIDE_RIGHT,1
28.0835561786,21,SLIDE_RIGHT,1
28.0846721712,86,SLIDE_RIGHT,1
28.0870902884,98,UNBIND_NS,1
28.0957411233,33,BIND_NS,1
28.0968821354,11,SLIDE_RIGHT,1
28.0975838539,75,SLIDE_RIGHT,1
28.1129676808,65,SLIDE_LEFT,1
28.1166943343,95,SLIDE_RIGHT,1
28.1278202185,67,BIND_NS,1
28.1327870329,55,UNBIND_NS,1
28.1362028495,15,SLIDE_LEFT,1
28.1417007018,8,SLIDE_RIGHT,1
28.1445865636,88,BIND_NS,1
28.1486277659,66,UNBIND_NS,1
28.1531204314,84,SLIDE_LEFT,1
28.1535268503,54,SLIDE_RIGHT,1
28.1626489407,9,SLIDE_RIGHT,1
28.1725027641,53,SLIDE_RIGHT,1
28.1780849971,52,UNBIND_NS,1
28.1800557623,67,SLIDE_LEFT,1
28.1936921427,54,SLIDE_LEFT,1
28.1941260158,33,UNBIND_NS,1
28.1952531765,86,BIND_NS,1
28.1955646545,58,BIND_NS,1
28.1970581623,78,BIND_NS,1
28.2063333483,43,BIND_NS,1
28.2113844313,46,BIND_NS,1
28.2161034280,92,SLIDE_LEFT,1
28.2256966679,53,SLIDE_LEFT,1
28.2263047092,55,SLIDE_LEFT,1
28.2313890366,34,UNBIND_NS,1
28.2340882114,78,SLIDE_RIGHT,1
28.2424288029,10,SLIDE_RIGHT,1
28.2515760914,54,SLIDE_RIGHT,1
28.2530573097,46,SLIDE_LEFT,1
28.2538460923,30,BIND_NS,1
28.2605551148,96,SLIDE_RIGHT,1
28.2633540397,86,UNBIND_NS,1
28.2737851520,77,SLIDE_RIGHT,1
28.2763374041,48,UNBIND_NS,1
28.2826548435,30,SLIDE_LEFT,1
28.2881405027,68,SLIDE_LEFT,1
28.2888833102,81,UNBIND_NS,1
28.2890453889,45,UNBIND_NS,1
28.3038466519,47,SLIDE_LEFT,1
28.3204280234,41,UNBIND_NS,1
28.3365898133,31,SLIDE_LEFT,1
28.3485207598,1,SLIDE_LEFT,1
28.3546249930,55,SLIDE_LEFT,1
28.3768777816,40,BIND_NS,1
28.3888028655,97,SLIDE_LEFT,1
28.3942659415,78,SLIDE_LEFT,1
28.3986803858,76,SLIDE_LEFT,1
28.4046349193,91,SLIDE_LEFT,1
28.4127326254,35,BIND_NS,1
28.4194220714,12,UNBIND_NS,1
28.4243672306,66,SLIDE_LEFT,1
28.4278514064,81,BIND_NS,1
28.4279598434,77,SLIDE_RIGHT,1
28.4284801735,88,SLIDE_RIGHT,1
28.4379197685,50,SLIDE_LEFT,1
28.4433878142,87,SLIDE_RIGHT,1
28.4479514615,46,SLIDE_LEFT,1
28.4518096769,43,SLIDE_LEFT,1
28.4591363768,67,SLIDE_LEFT,1
28.4597424113,58,SLIDE_RIGHT,1
28.4665737828,86,BIND_NS,1
28.4701495653,39,UNBIND_NS,1
28.4958427417,82,BIND_NS,1
28.4972410751,0,UNBIND_NS,1
28.5127512363,96,UNBIND_NS,1
28.5136355710,22,SLIDE_LEFT,1
28.5137220892,88,UNBIND_NS,1
28.5290768991,54,UNBIND_NS,1
28.5375283396,66,SLIDE_RIGHT,1
28.5504393186,89,SLIDE_LEFT,1
28.5598535722,51,SLIDE_LEFT,1
28.5602685156,90,SLIDE_LEFT,1
28.5865600933,21,SLIDE_RIGHT,1
28.6025728975,25,BIND_NS,1
28.6108094169,89,SLIDE_RIGHT,1
28.6131121044,14,SLIDE_RIGHT,1
28.6222774727,20,SLIDE_LEFT,1
28.6239669797,83,SLIDE_RIGHT,1
28.6358959104,81,UNBIND_NS,1
28.6431098356,59,SLIDE_LEFT,1
28.6453706976,67,SLIDE_LEFT,1
28.6492965077,11,SLIDE_LEFT,1
28.6552965449,78,SLIDE_LEFT,1
28.6580412051,73,BIND_NS,1
28.6604400202,45,SLIDE_LEFT,1
28.6902097097,36,BIND_NS,1
28.6935803321,38,BIND_NS,1
28.6983676293,19,SLIDE_LEFT,1
28.7025495965,77,SLIDE_RIGHT,1
28.7053252053,80,UNBIND_NS,1
28.7069801480,42,SLIDE_LEFT,1
28.7197549114,88,SLIDE_LEFT,1
28.7340987169,95,BIND_NS,1
28.7341065127,82,SLIDE_RIGHT,1
28.7397321354,75,SLIDE_LEFT,1
28.7427797749,73,SLIDE_LEFT,1
28.7441044640,16,BIND_NS,1
28.7491867307,44,SLIDE_LEFT,1
28.7594770300,38,SLIDE_RIGHT,1
28.7602143727,72,UNBIND_NS,1
28.7618826561,18,SLIDE_RIGHT,1
28.7660182741,86,SLIDE_LEFT,1
28.7674388909,35,SLIDE_LEFT,1
28.7680018109,37,BIND_NS,1
28.7713905310,15,SLIDE_LEFT,1
28.7747004343,74,SLIDE_LEFT,1
28.7802507952,59,BIND_NS,1
28.7863693256,64,UNBIND_NS,1
28.7888903379,83,SLIDE_LEFT,1
28.8005090256,62,BIND_NS,1
28.8047070908,64,BIND_NS,1
28.8163241683,19,SLIDE_LEFT,1
28.8164597804,82,SLIDE_LEFT,1
28.8210357677,58,SLIDE_LEFT,1
28.8258102588,59,SLIDE_LEFT,1
28.8264556899,78,SLIDE_LEFT,1
28.8379233625,16,UNBIND_NS,1
28.8439461705,79,UNBIND_NS,1
28.8539690114,55,BIND_NS,1
28.8565853158,66,SLIDE_RIGHT,1
28.8598177078,80,BIND_NS,1
28.8681031485,34,SLIDE_LEFT,1
28.8727000807,29,SLIDE_LEFT,1
28.8804193683,41,SLIDE_RIGHT,1
28.8871011224,22,SLIDE_LEFT,1
28.9165620870,65,SLIDE_RIGHT,1
28.9210172538,55,UNBIND_NS,1
28.9375880555,90,SLIDE_LEFT,1
28.9750274417,18,SLIDE_RIGHT,1
28.9767931575,34,BIND_NS,1
28.9823644982,81,UNBIND_NS,1
28.9833987432,10,SLIDE_RIGHT,1
28.9905570841,87,SLIDE_RIGHT,1
28.9911160241,77,SLIDE_LEFT,1
29.0027131653,71,SLIDE_LEFT,1
29.0108503068,36,SLIDE_LEFT,1
29.0139612835,70,SLIDE_LEFT,1
29.0224580206,58,SLIDE_RIGHT,1
29.0231709556,69,SLIDE_LEFT,1
29.0358291311,76,SLIDE_LEFT,1
29.0374151375,49,SLIDE_LEFT,1
29.0489172740,33,UNBIND_NS,1
29.0515090651,52,UNBIND_NS,1
29.0515886747,42,SLIDE_LEFT,1
29.0538354840,28,SLIDE_RIGHT,1
29.0543957376,59,UNBIND_NS,1
29.0548088511,86,BIND_NS,1
29.0550100686,75,UNBIND_NS,1
29.0647005756,11,SLIDE_LEFT,1
29.0700379789,86,UNBIND_NS,1
29.0804805137,25,SLIDE_RIGHT,1
29.0845388031,35,SLIDE_RIGHT,1
29.0873865433,19,SLIDE_RIGHT,1
29.0875210443,22,BIND_NS,1
29.0996111821,73,SLIDE_RIGHT,1
29.1010667028,49,BIND_NS,1
29.1130468615,43,SLIDE_RIGHT,1
29.1130891653,39,UNBIND_NS,1
29.1291560364,11,BIND_NS,1
29.1378681921,10,UNBIND_NS,1
29.1632967819,28,BIND_NS,1
29.1702595276,14,SLIDE_LEFT,1
29.1844201379,66,SLIDE_LEFT,1
29.1869314951,44,SLIDE_LEFT,1
29.2000406140,11,SLIDE_RIGHT,1
29.2008088740,68,SLIDE_RIGHT,1
29.2070991221,62,SLIDE_LEFT,1
29.2104834309,41,UNBIND_NS,1
29.2172404420,13,SLIDE_RIGHT,1
29.2361360043,46,BIND_NS,1
29.2395776671,60,BIND_NS,1
29.2444499313,60,SLIDE_LEFT,1
29.2489286660,24,BIND_NS,1
29.2492741741,81,BIND_NS,1
29.2522672446,74,SLIDE_RIGHT,1
29.2587534200,14,UNBIND_NS,1
29.2776832367,57,SLIDE_LEFT,1
29.2802684346,43,UNBIND_NS,1
29.2882481073,47,BIND_NS,1
29.2953891094,4,BIND_NS,1
29.2991688514,24,SLIDE_RIGHT,1
29.3100805933,61,SLIDE_RIGHT,1
29.3153603902,24,BIND_NS,1
29.3167442568,80,SLIDE_LEFT,1
29.3179829338,56,SLIDE_RIGHT,1
29.3212397150,84,SLIDE_LEFT,1
29.3286416856,34,SLIDE_RIGHT,1
29.3404037235,51,BIND_NS,1
29.3452277597,24,UNBIND_NS,1
29.3500050577,40,SLIDE_RIGHT,1
29.3525199946,35,SLIDE_LEFT,1
29.3538287895,28,SLIDE_LEFT,1
29.3613079789,58,BIND_NS,1
29.3745240258,25,SLIDE_LEFT,1
29.3775581795,34,UNBIND_NS,1
29.3781659497,69,UNBIND_NS,1
29.3825985820,3,BIND_NS,1
29.3885823182,81,SLIDE_LEFT,1
29.3906313880,80,SLIDE_RIGHT,1
29.3909262072,24,SLIDE_RIGHT,1
29.3933346033,95,SLIDE_RIGHT,1
29.4082909480,51,SLIDE_RIGHT,1
29.4096766712,91,BIND_NS,1
29.4346898373,4,SLIDE_RIGHT,1
29.4406313199,96,SLIDE_RIGHT,1
29.4422942306,3,SLIDE_RIGHT,1
29.4566895899,83,SLIDE_LEFT,1
29.4618261853,52,SLIDE_LEFT,1
29.4637235858,29,SLIDE_LEFT,1
29.4703690306,59,SLIDE_RIGHT,1
29.5073244749,85,SLIDE_RIGHT,1
29.5095675579,25,SLIDE_LEFT,1
29.5127119873,97,SLIDE_RIGHT,1
29.5203251163,44,BIND_NS,1
29.5375179213,25,BIND_NS,1
29.5539661117,77,BIND_NS,1
29.5539843143,89,SLIDE_RIGHT,1
29.5765733061,9,BIND_NS,1
29.5870680177,29,BIND_NS,1
29.5897316755,86,UNBIND_NS,1
29.5956816172,75,SLIDE_RIGHT,1
29.6099930956,44,SLIDE_RIGHT,1
29.6130807086,90,SLIDE_LEFT,1
29.6212453041,57,SLIDE_LEFT,1
29.6512735602,79,SLIDE_RIGHT,1
29.6514084032,12,SLIDE_RIGHT,1
29.6715909142,70,BIND_NS,1
29.6781897592,37,UNBIND_NS,1
29.6855594370,67,SLIDE_RIGHT,1
29.7026515475,87,BIND_NS,1
29.7090654150,70,SLIDE_RIGHT,1
29.7168119036,60,SLIDE_LEFT,1
29.7424652726,20,SLIDE_LEFT,1
29.7676757062,88,UNBIND_NS,1
29.7738514409,48,UNBIND_NS,1
29.7763536617,67,BIND_NS,1
29.7803702934,85,BIND_NS,1
29.7842105092,56,SLIDE_LEFT,1
29.7934602614,9,SLIDE_RIGHT,1
29.7996334737,80,SLIDE_LEFT,1
29.8013980860,4,SLIDE_LEFT,1
29.8084068665,77,SLIDE_RIGHT,1
29.8207741717,59,SLIDE_RIGHT,1
29.8285268324,43,BIND_NS,1
29.8481435063,85,SLIDE_RIGHT,1
29.8564107734,3,SLIDE_RIGHT,1
29.8621269409,13,UNBIND_NS,1
29.8650156674,91,SLIDE_LEFT,1
29.8906699157,79,SLIDE_RIGHT,1
29.8927061798,76,SLIDE_RIGHT,1
29.8957482822,85,BIND_NS,1
29.8980157326,90,SLIDE_RIGHT,1
29.9026417824,58,SLIDE_LEFT,1
29.9180992731,58,BIND_NS,1
29.9269299337,43,UNBIND_NS,1
29.9394197818,6,BIND_NS,1
29.9399634785,3,BIND_NS,1
29.9573341399,92,BIND_NS,1
29.9632764482,41,SLIDE_RIGHT,1
29.9655722790,17,BIND_NS,1
29.9707373989,42,SLIDE_LEFT,1
29.9903697986,71,SLIDE_RIGHT,1
29.9965050878,30,SLIDE_RIGHT,1
30.0192584591,98,UNBIND_NS,1
30.0356370627,33,BIND_NS,1
30.0456049558,16,BIND_NS,1
30.0515711318,89,SLIDE_LEFT,1
30.0806890803,55,SLIDE_RIGHT,1
30.0880620306,16,SLIDE_LEFT,1
30.0912849570,17,SLIDE_LEFT,1
30.0912996593,79,BIND_NS,1
30.0939036177,22,SLIDE_RIGHT,1
30.0982210741,82,SLIDE_RIGHT,1
30.1011609267,60,SLIDE_RIGHT,1
30.1128783016,76,BIND_NS,1
30.1168716538,58,UNBIND_NS,1
30.1487062236,92,SLIDE_RIGHT,1
30.1591925919,3,SLIDE_LEFT,1
30.1594280747,80,UNBIND_NS,1
30.1638180933,13,BIND_NS,1
30.1655551954,2,SLIDE_LEFT,1
30.1709707487,19,SLIDE_RIGHT,1
30.1795324976,6,SLIDE_RIGHT,1
30.1953048487,47,SLIDE_RIGHT,1
30.2030513722,58,BIND_NS,1
30.2050935313,40,BIND_NS,1
30.2090273835,87,UNBIND_NS,1
30.2118666335,83,UNBIND_NS,1
30.2208361630,7,SLIDE_LEFT,1
30.2234153153,72,SLIDE_RIGHT,1
30.2295835683,73,SLIDE_LEFT,1
30.2321864414,4,SLIDE_LEFT,1
30.2344468098,93,SLIDE_LEFT,1
30.2518782628,88,SLIDE_RIGHT,1
30.2564392167,33,SLIDE_LEFT,1
30.2626312613,48,UNBIND_NS,1
30.2661149341,5,SLIDE_LEFT,1
30.2710092925,56,UNBIND_NS,1
30.2714075846,72,UNBIND_NS,1
30.2748508891,9,BIND_NS,1
30.2871220889,20,SLIDE_LEFT,1
30.2945289702,79,SLIDE_RIGHT,1
30.2950727472,31,SLIDE_LEFT,1
30.3110877597,97,BIND_NS,1
30.3340563105,0,BIND_NS,1
30.3473322221,78,SLIDE_RIGHT,1
30.3478828557,30,UNBIND_NS,1
30.3650283851,33,BIND_NS,1
30.3783669134,81,SLIDE_RIGHT,1
30.3805357098,82,SLIDE_RIGHT,1
30.3869603358,13,SLIDE_LEFT,1
30.3873254380,83,SLIDE_RIGHT,1
30.3918213039,21,SLIDE_LEFT,1
30.3940666078,67,SLIDE_LEFT,1
30.4018946668,46,SLIDE_RIGHT,1
30.4079816003,12,SLIDE_RIGHT,1
30.4208240876,86,SLIDE_RIGHT,1
30.4291508536,14,BIND_NS,1
30.4312033568,79,SLIDE_LEFT,1
30.4589482875,80,SLIDE_RIGHT,1
30.4603119876,51,SLIDE_RIGHT,1
30.4710554702,46,BIND_NS,1
30.4861554381,2,BIND_NS,1
30.4869055167,15,UNBIND_NS,1
30.4919396102,36,SLIDE_LEFT,1
30.4999441399,81,UNBIND_NS,1
30.5034513022,24,UNBIND_NS,1
30.5045316148,77,UNBIND_NS,1
30.5111779019,82,BIND_NS,1
30.5126793373,87,SLIDE_RIGHT,1
30.5202040975,25,SLIDE_LEFT,1
30.5311712297,26,SLIDE_LEFT,1
30.5483874170,76,SLIDE_LEFT,1
30.5496124576,97,UNBIND_NS,1
30.5514724092,3,UNBIND_NS,1
30.5518692893,47,SLIDE_RIGHT,1
30.5518897085,45,UNBIND_NS,1
30.5544879910,23,UNBIND_NS,1
30.5566676763,58,SLIDE_RIGHT,1
30.5575143337,20,SLIDE_RIGHT,1
30.5630341591,25,UNBIND_NS,1
30.5669493185,35,UNBIND_NS,1
30.5698081595,13,SLIDE_LEFT,1
30.5723250062,60,BIND_NS,1
30.5741094301,48,SLIDE_LEFT,1
30.5783505737,47,SLIDE_RIGHT,1
30.5848419559,0,UNBIND_NS,1
30.6033443104,27,SLIDE_LEFT,1
30.6049206894,86,BIND_NS,1
30.6140323001,28,SLIDE_LEFT,1
30.6215624915,6,SLIDE_RIGHT,1
30.6215839779,26,SLIDE_LEFT,1
30.6576204449,91,SLIDE_LEFT,1
30.6606166251,36,BIND_NS,1
30.6624772436,36,SLIDE_LEFT,1
30.6639986641,24,SLIDE_LEFT,1
30.6741346423,57,SLIDE_LEFT,1
30.6843414209,78,SLIDE_RIGHT,1
30.6952405673,14,SLIDE_LEFT,1
30.7139049855,90,SLIDE_RIGHT,1
30.7165879828,16,SLIDE_RIGHT,1
30.7192801685,46,UNBIND_NS,1
30.7410259589,56,SLIDE_LEFT,1
30.7434534882,25,SLIDE_LEFT,1
30.7442256953,24,SLIDE_RIGHT,1
30.7465179000,74,BIND_NS,1
30.7666165519,17,SLIDE_RIGHT,1
30.7765397006,7,SLIDE_RIGHT,1
30.8029774173,10,UNBIND_NS,1
30.8041029124,95,BIND_NS,1
30.8099152198,87,BIND_NS,1
30.8166814534,33,UNBIND_NS,1
30.8204616588,2,SLIDE_RIGHT,1
30.8427900321,21,SLIDE_RIGHT,1
30.8438451997,52,SLIDE_RIGHT,1
30.8489715163,22,SLIDE_LEFT,1
30.8574714484,82,SLIDE_LEFT,1
30.8595459426,91,SLIDE_LEFT,1
30.8609617611,50,UNBIND_NS,1
30.8666410868,23,SLIDE_LEFT,1
30.8708073997,68,SLIDE_RIGHT,1
30.8740382877,58,BIND_NS,1
30.8748078647,92,SLIDE_LEFT,1
30.8836957667,93,BIND_NS,1
30.8867727914,95,SLIDE_LEFT,1
30.8921007544,32,SLIDE_LEFT,1
30.8936316570,41,SLIDE_RIGHT,1
30.8970027640,79,SLIDE_RIGHT,1
30.8998234499,81,UNBIND_NS,1
30.9051490039,21,UNBIND_NS,1
30.9059657477,9,SLIDE_RIGHT,1
30.9074351856,53,UNBIND_NS,1
30.9098130898,10,SLIDE_LEFT,1
30.9153621089,42,SLIDE_RIGHT,1
30.9154320404,49,UNBIND_NS,1
30.9231597526,45,BIND_NS,1
30.9273331100,80,SLIDE_LEFT,1
30.9302273277,22,SLIDE_RIGHT,1
30.9395375495,8,UNBIND_NS,1
30.9457875405,76,BIND_NS,1
30.9467513323,23,SLIDE_RIGHT,1
30.9504600564,40,SLIDE_RIGHT,1
30.9560100986,77,BIND_NS,1
30.9582797758,20,BIND_NS,1
30.9650919144,27,SLIDE_RIGHT,1
30.9725302162,48,SLIDE_RIGHT,1
30.9858917165,15,BIND_NS,1
30.9895664987,35,SLIDE_RIGHT,1
30.9906783162,36,SLIDE_LEFT,1
31.0189008537,1,SLIDE_LEFT,1
31.0220285388,79,SLIDE_RIGHT,1
31.0253926078,46,BIND_NS,1
31.0255424646,24,SLIDE_LEFT,1
31.0291300603,61,UNBIND_NS,1
31.0408950176,80,SLIDE_RIGHT,1
31.0425441432,29,SLIDE_RIGHT,1
31.0540705919,93,SLIDE_LEFT,1
31.0577620493,4,SLIDE_RIGHT,1
31.0579553432,84,SLIDE_LEFT,1
31.0726220527,85,UNBIND_NS,1
31.0727639372,52,BIND_NS,1
31.0740658425,62,SLIDE_LEFT,1
31.0805321695,49,SLIDE_RIGHT,1
31.0918269088,69,SLIDE_RIGHT,1
31.1027452374,15,UNBIND_NS,1
31.1029785526,81,SLIDE_LEFT,1
31.1108912859,9,SLIDE_RIGHT,1
31.1164914340,23,SLIDE_LEFT,1
31.1183574282,10,SLIDE_RIGHT,1
31.1196462261,28,SLIDE_LEFT,1
31.1227286025,73,BIND_NS,1
31.1239507667,43,UNBIND_NS,1
31.1245270264,58,SLIDE_LEFT,1
31.1258903136,35,SLIDE_LEFT,1
31.1303954993,52,SLIDE_RIGHT,1
31.1653367278,3,SLIDE_LEFT,1
31.1671588976,71,BIND_NS,1
31.1780345539,75,UNBIND_NS,1
31.1838705097,59,SLIDE_LEFT,1
31.1856161939,74,SLIDE_RIGHT,1
31.1869878807,59,BIND_NS,1
31.1958885404,53,SLIDE_RIGHT,1
31.1983783777,34,UNBIND_NS,1
31.2066249500,17,BIND_NS,1
31.2228829918,73,SLIDE_LEFT,1
31.2365645816,43,BIND_NS,1
31.2443754634,75,SLIDE_LEFT,1
31.2457429777,54,SLIDE_LEFT,1
31.2529608392,72,SLIDE_RIGHT,1
31.2709342062,50,SLIDE_LEFT,1
31.2754537470,73,SLIDE_LEFT,1
31.2828869297,4,BIND_NS,1
31.2934709058,4,SLIDE_LEFT,1
31.2977193835,53,SLIDE_RIGHT,1
31.3133511182,86,SLIDE_LEFT,1
31.3137303545,77,SLIDE_RIGHT,1
31.3246249060,22,UNBIND_NS,1
31.3296370510,92,SLIDE_RIGHT,1
31.3301196928,25,SLIDE_LEFT,1
31.3325498690,17,SLIDE_LEFT,1
31.3353415430,8,BIND_NS,1
31.3397841061,85,SLIDE_RIGHT,1
31.3457560692,11,UNBIND_NS,1
31.3546945407,76,UNBIND_NS,1
31.3580552708,0,SLIDE_RIGHT,1
31.3603444313,61,SLIDE_RIGHT,1
31.3612856655,49,SLIDE_LEFT,1
31.3669320492,3,UNBIND_NS,1
31.3809870593,18,UNBIND_NS,1
31.3963754648,51,BIND_NS,1
31.4091378827,19,SLIDE_LEFT,1
31.4162678752,72,SLIDE_RIGHT,1
31.4187664835,78,SLIDE_LEFT,1
31.4218981212,43,SLIDE_LEFT,1
31.4221827992,27,SLIDE_LEFT,1
31.4305106040,76,BIND_NS,1
31.4310363067,54,SLIDE_LEFT,1
31.4401641263,41,SLIDE_LEFT,1
31.4404933985,40,SLIDE_RIGHT,1
31.4427357492,47,BIND_NS,1
31.4453876458,6,BIND_NS,1
31.4484354839,62,SLIDE_LEFT,1
31.4530520124,58,UNBIND_NS,1
31.4572965426,42,SLIDE_RIGHT,1
31.4579282924,20,SLIDE_RIGHT,1
31.4612743283,26,UNBIND_NS,1
31.4689875461,71,SLIDE_RIGHT,1
31.4907570975,16,UNBIND_NS,1
31.4940632246,18,SLIDE_LEFT,1
31.4982561312,57,SLIDE_RIGHT,1
31.5053536620,81,BIND_NS,1
31.5075133429,5,UNBIND_NS,1
31.5086073555,58,SLIDE_LEFT,1
31.5208055582,61,SLIDE_RIGHT,1
31.5309906624,55,SLIDE_RIGHT,1
31.5399512612,73,UNBIND_NS,1
31.5605943335,56,SLIDE_LEFT,1
31.5640675902,41,SLIDE_LEFT,1
31.5694134932,91,SLIDE_RIGHT,1
31.5854526237,51,SLIDE_RIGHT,1
31.5858702100,86,UNBIND_NS,1
31.6366232608,98,BIND_NS,1
31.6443762482,98,SLIDE_LEFT,1
31.6465671337,77,SLIDE_RIGHT,1
31.6708286034,24,SLIDE_LEFT,1
31.6712545269,74,SLIDE_RIGHT,1
31.6762118070,93,UNBIND_NS,1
31.6957627958,8,SLIDE_LEFT,1
31.7063340649,6,SLIDE_LEFT,1
31.7107502756,31,UNBIND_NS,1
31.7302704122,87,SLIDE_LEFT,1
31.7420965088,13,SLIDE_RIGHT,1
31.7446902557,7,SLIDE_RIGHT,1
31.7469203194,11,BIND_NS,1
31.7490678527,66,UNBIND_NS,1
31.7493673557,12,SLIDE_RIGHT,1
31.7734202671,45,UNBIND_NS,1
31.7801738812,96,BIND_NS,1
31.7834543905,5,SLIDE_LEFT,1
31.7878022169,53,UNBIND_NS,1
31.7935470608,30,SLIDE_LEFT,1
31.8037164487,23,UNBIND_NS,1
31.8099010707,40,SLIDE_LEFT,1
31.8105375100,14,SLIDE_RIGHT,1
31.8172855534,35,BIND_NS,1
31.8260966528,35,SLIDE_LEFT,1
31.8269679321,70,SLIDE_RIGHT,1
31.8278371638,75,SLIDE_LEFT,1
31.8285573311,89,UNBIND_NS,1
31.8310672359,86,SLIDE_LEFT,1
31.8334921560,48,SLIDE_RIGHT,1
31.8444277284,39,SLIDE_RIGHT,1
31.8480000711,43,SLIDE_LEFT,1
31.8496234881,46,UNBIND_NS,1
31.8594579825,9,BIND_NS,1
31.8750544878,49,SLIDE_RIGHT,1
31.8958576612,42,SLIDE_RIGHT,1
31.8969451204,88,SLIDE_LEFT,1
31.8998435896,4,SLIDE_RIGHT,1
31.9023261782,78,SLIDE_RIGHT,1
31.9226217558,38,BIND_NS,1
31.9257597700,62,SLIDE_LEFT,1
31.9326768600,68,BIND_NS,1
31.9368471084,5,SLIDE_RIGHT,1
31.9379484504,2,UNBIND_NS,1
31.9415378804,91,BIND_NS,1
31.9420030960,71,SLIDE_LEFT,1
31.9434749189,72,SLIDE_LEFT,1
31.9469976325,13,SLIDE_LEFT,1
31.9533728400,87,SLIDE_LEFT,1
31.9550510971,29,SLIDE_RIGHT,1
31.9647289959,58,BIND_NS,1
31.9688223399,57,SLIDE_LEFT,1
31.9703285075,94,SLIDE_RIGHT,1
31.9706058749,21,SLIDE_LEFT,1
31.9786555237,55,SLIDE_LEFT,1
31.9861868737,20,SLIDE_LEFT,1
31.9873719049,9,SLIDE_RIGHT,1
31.9898527071,61,UNBIND_NS,1
31.9905363303,90,UNBIND_NS,1
31.9909041093,65,UNBIND_NS,1
31.9945312650,8,SLIDE_LEFT,1
31.9978124395,50,UNBIND_NS,1
32.0120274100,40,SLIDE_RIGHT,1
32.0151733313,70,SLIDE_LEFT,1
32.0154709585,43,SLIDE_LEFT,1
32.0323429026,25,BIND_NS,1
32.0337404298,56,SLIDE_LEFT,1
32.0424060547,69,SLIDE_RIGHT,1
32.0597026072,81,UNBIND_NS,1
32.0609504574,70,SLIDE_LEFT,1
32.0617183946,47,UNBIND_NS,1
32.0686454418,71,UNBIND_NS,1
32.0870079921,25,SLIDE_LEFT,1
32.0877605039,17,UNBIND_NS,1
32.1013340992,74,SLIDE_LEFT,1
32.1141665400,38,UNBIND_NS,1
32.1150785246,19,SLIDE_RIGHT,1
32.1163002273,38,BIND_NS,1
32.1296056394,38,SLIDE_RIGHT,1
32.1358167372,97,SLIDE_RIGHT,1
32.1674730315,76,SLIDE_RIGHT,1
32.1679420216,20,SLIDE_RIGHT,1
32.1747698662,39,SLIDE_RIGHT,1
32.1760254788,79,UNBIND_NS,1
32.1868285618,98,SLIDE_RIGHT,1
32.1953790944,83,SLIDE_RIGHT,1
32.2002595660,91,SLIDE_LEFT,1
32.2017657647,50,BIND_NS,1
32.2077029314,21,UNBIND_NS,1
32.2095586031,90,UNBIND_NS,1
32.2124290584,52,SLIDE_RIGHT,1
32.2127203123,50,SLIDE_RIGHT,1
32.2143778058,14,BIND_NS,1
32.2146315174,53,SLIDE_LEFT,1
32.2179371956,1,SLIDE_RIGHT,1
32.2239288173,73,SLIDE_RIGHT,1
32.2249800624,30,SLIDE_LEFT,1
32.2309011655,39,BIND_NS,1
32.2313824744,44,BIND_NS,1
32.2353867789,24,SLIDE_RIGHT,1
32.2394169474,77,UNBIND_NS,1
32.2402459367,33,BIND_NS,1
32.2448668871,74,SLIDE_RIGHT,1
32.2507161727,29,SLIDE_RIGHT,1
32.2567922235,30,SLIDE_RIGHT,1
32.2772516208,75,SLIDE_LEFT,1
32.2784275597,54,SLIDE_LEFT,1
32.2920957701,74,SLIDE_LEFT,1
32.3122578677,19,BIND_NS,1
32.3169044268,99,SLIDE_LEFT,1
32.3555229476,51,SLIDE_LEFT,1
32.3562155752,95,SLIDE_LEFT,1
32.3646574821,15,SLIDE_RIGHT,1
32.3672734554,19,SLIDE_LEFT,1
32.3698499353,12,SLIDE_RIGHT,1
32.3732875918,31,SLIDE_LEFT,1
32.3749670670,33,SLIDE_LEFT,1
32.3793033136,54,BIND_NS,1
32.3966136321,2,SLIDE_RIGHT,1
32.3993093909,14,SLIDE_RIGHT,1
32.4068820635,42,SLIDE_RIGHT,1
32.4071049674,60,UNBIND_NS,1
32.4170614981,50,SLIDE_LEFT,1
32.4171249752,43,UNBIND_NS,1
32.4289185983,68,UNBIND_NS,1
32.4298709766,16,SLIDE_RIGHT,1
32.4394624387,98,SLIDE_RIGHT,1
32.4408226032,30,SLIDE_RIGHT,1
32.4415667862,80,SLIDE_RIGHT,1
32.4544060007,32,SLIDE_RIGHT,1
32.4616129309,9,BIND_NS,1
32.4662029270,94,SLIDE_RIGHT,1
32.4751991593,6,SLIDE_LEFT,1
32.4813181069,9,SLIDE_LEFT,1
32.4825687497,42,BIND_NS,1
32.4876736995,5,UNBIND_NS,1
32.5038889292,79,BIND_NS,1
32.5067202706,69,SLIDE_LEFT,1
32.5083648961,15,SLIDE_RIGHT,1
32.5114010000,75,BIND_NS,1
32.5142181430,73,SLIDE_LEFT,1
32.5222401499,42,SLIDE_RIGHT,1
32.5467801406,99,UNBIND_NS,1
32.5492307985,63,SLIDE_LEFT,1
32.5495446036,31,SLIDE_RIGHT,1
32.5656203456,55,SLIDE_RIGHT,1
32.5683719013,39,SLIDE_LEFT,1
32.5700122205,72,SLIDE_LEFT,1
32.5744090728,27,BIND_NS,1
32.5747408380,79,UNBIND_NS,1
32.5755169374,28,BIND_NS,1
32.5761339296,35,BIND_NS,1
32.5844548406,42,BIND_NS,1
32.5910363543,99,BIND_NS,1
32.5943014499,49,SLIDE_LEFT,1
32.5971687096,99,SLIDE_LEFT,1
32.5987053317,54,UNBIND_NS,1
32.6020261916,32,SLIDE_LEFT,1
32.6035193497,13,SLIDE_LEFT,1
32.6057299587,86,SLIDE_RIGHT,1
32.6070678148,31,SLIDE_RIGHT,1
32.6173042176,16,UNBIND_NS,1
32.6226735816,12,SLIDE_RIGHT,1
32.6247290219,40,SLIDE_LEFT,1
32.6322315900,95,SLIDE_LEFT,1
32.6363367832,53,SLIDE_RIGHT,1
32.6410302346,68,SLIDE_LEFT,1
32.6463763062,7,SLIDE_LEFT,1
32.6486321110,94,SLIDE_RIGHT,1
32.6638182880,84,SLIDE_LEFT,1
32.6696193383,28,SLIDE_RIGHT,1
32.6863278460,35,UNBIND_NS,1
32.6872590102,47,BIND_NS,1
32.6920791370,75,SLIDE_LEFT,1
32.6922553637,10,UNBIND_NS,1
32.6977591341,47,SLIDE_LEFT,1
32.7077740333,3,SLIDE_RIGHT,1
32.7145634698,13,SLIDE_LEFT,1
32.7181885852,67,UNBIND_NS,1
32.7238788696,56,SLIDE_RIGHT,1
32.7400518620,52,SLIDE_RIGHT,1
32.7446713625,81,UNBIND_NS,1
32.7526190769,95,SLIDE_LEFT,1
32.7621553437,59,SLIDE_RIGHT,1
32.7649099783,64,UNBIND_NS,1
32.7649286399,49,BIND_NS,1
32.7693707328,18,SLIDE_RIGHT,1
32.7815408231,45,BIND_NS,1
32.7841596730,92,UNBIND_NS,1
32.7843892848,74,UNBIND_NS,1
32.7917951109,94,SLIDE_RIGHT,1
32.7933203513,11,UNBIND_NS,1
32.8067635018,71,SLIDE_LEFT,1
32.8166223692,10,BIND_NS,1
32.8183892307,18,BIND_NS,1
32.8337950685,6,SLIDE_LEFT,1
32.8342762871,41,SLIDE_LEFT,1
32.8344309323,46,SLIDE_RIGHT,1
32.8367719425,10,UNBIND_NS,1
32.8525634865,71,BIND_NS,1
32.8667234245,95,UNBIND_NS,1
32.8689960942,70,SLIDE_LEFT,1
32.8735135726,54,SLIDE_RIGHT,1
32.8875007441,89,BIND_NS,1
32.8882151073,89,SLIDE_RIGHT,1
32.8888223774,8,SLIDE_RIGHT,1
32.8948820604,45,SLIDE_RIGHT,1
32.9040713358,49,UNBIND_NS,1
32.9061229880,14,BIND_NS,1
32.9087824507,17,SLIDE_LEFT,1
32.9103292624,67,BIND_NS,1
32.9121087430,4,SLIDE_LEFT,1
32.9260552014,62,SLIDE_RIGHT,1
32.9277888609,71,UNBIND_NS,1
32.9420962843,55,SLIDE_LEFT,1
32.9464904069,18,SLIDE_LEFT,1
32.9539470082,14,SLIDE_LEFT,1
32.9618197097,46,SLIDE_LEFT,1
32.9622553769,87,SLIDE_LEFT,1
32.9654625473,61,BIND_NS,1
32.9690815712,19,SLIDE_RIGHT,1
32.9696400897,41,BIND_NS,1
32.9718315156,16,SLIDE_LEFT,1
32.9727520064,67,SLIDE_LEFT,1
32.9734835532,59,BIND_NS,1
32.9759223851,57,SLIDE_LEFT,1
32.9845508297,70,BIND_NS,1
33.0004454813,85,SLIDE_LEFT,1
33.0201401831,17,SLIDE_LEFT,1
33.0313298297,15,SLIDE_LEFT,1
33.0503785160,60,UNBIND_NS,1
33.0691895312,5,SLIDE_RIGHT,1
33.0694957847,86,SLIDE_RIGHT,1
33.0726841792,56,SLIDE_LEFT,1
33.0754858679,17,BIND_NS,1
33.0822791110,96,SLIDE_LEFT,1
33.0893934448,27,SLIDE_RIGHT,1
33.0912136058,12,UNBIND_NS,1
33.0920959519,3,SLIDE_RIGHT,1
33.0924209154,58,SLIDE_LEFT,1
33.0928378440,15,BIND_NS,1
33.1019875383,98,SLIDE_RIGHT,1
33.1088844517,25,SLIDE_LEFT,1
33.1179496036,63,SLIDE_LEFT,1
33.1424065698,54,UNBIND_NS,1
33.1655314756,4,SLIDE_LEFT,1
33.1795115154,48,UNBIND_NS,1
33.2155516729,85,BIND_NS,1
33.2206170172,13,SLIDE_LEFT,1
33.2309310992,3,SLIDE_RIGHT,1
33.2328006710,12,SLIDE_LEFT,1
33.2420141069,90,SLIDE_RIGHT,1
33.2477584344,17,SLIDE_RIGHT,1
33.2531115298,47,SLIDE_RIGHT,1
33.2696079256,95,UNBIND_NS,1
33.2735945081,53,UNBIND_NS,1
33.2770332117,20,SLIDE_LEFT,1
33.2856915404,16,UNBIND_NS,1
33.2990249098,18,UNBIND_NS,1
33.2994057760,62,SLIDE_RIGHT,1
33.3005709965,66,SLIDE_RIGHT,1
33.3034804540,61,SLIDE_LEFT,1
33.3093152316,70,SLIDE_RIGHT,1
33.3112721728,67,SLIDE_RIGHT,1
33.3146085764,11,SLIDE_LEFT,1
33.3254061703,68,UNBIND_NS,1
33.3266624483,71,SLIDE_LEFT,1
33.3298321757,45,UNBIND_NS,1
33.3461376032,35,BIND_NS,1
33.3613202320,35,SLIDE_RIGHT,1
33.3656333723,6,SLIDE_RIGHT,1
33.3714311309,30,BIND_NS,1
33.3743232155,2,BIND_NS,1
33.3775150941,55,SLIDE_RIGHT,1
33.4242844650,48,SLIDE_RIGHT,1
33.4244481230,19,SLIDE_LEFT,1
33.4247338310,94,BIND_NS,1
33.4259806125,44,SLIDE_RIGHT,1
33.4299134955,62,BIND_NS,1
33.4379493546,34,UNBIND_NS,1
33.4476117136,45,SLIDE_LEFT,1
33.4477188072,7,SLIDE_RIGHT,1
33.4569468555,63,SLIDE_RIGHT,1
33.4577579607,8,UNBIND_NS,1
33.4634085445,24,SLIDE_RIGHT,1
33.4634286913,62,SLIDE_RIGHT,1
33.4653485831,64,SLIDE_RIGHT,1
33.4722595925,36,UNBIND_NS,1
33.4838318824,73,BIND_NS,1
33.4886921516,91,SLIDE_RIGHT,1
33.5090219851,18,SLIDE_RIGHT,1
33.5094189887,19,SLIDE_RIGHT,1
33.5128409902,32,UNBIND_NS,1
33.5156365445,49,SLIDE_LEFT,1
33.5175851843,65,SLIDE_RIGHT,1
33.5242187725,35,BIND_NS,1
33.5271207309,56,SLIDE_LEFT,1
33.5300032843,83,SLIDE_LEFT,1
33.5346144232,82,SLIDE_RIGHT,1
33.5349707539,79,BIND_NS,1
33.5462697756,57,SLIDE_LEFT,1
33.5544995567,10,SLIDE_RIGHT,1
33.5571716331,4,SLIDE_RIGHT,1
33.5662817518,35,SLIDE_LEFT,1
33.5681874087,71,BIND_NS,1
33.5768245035,66,SLIDE_RIGHT,1
33.5779529462,16,BIND_NS,1
33.6007166153,87,SLIDE_RIGHT,1
33.6185940702,45,BIND_NS,1
33.6187204864,99,SLIDE_LEFT,1
33.6261609737,5,SLIDE_LEFT,1
33.6290458164,4,SLIDE_RIGHT,1
33.6296753395,20,UNBIND_NS,1
33.6346529921,16,SLIDE_RIGHT,1
33.6403356664,28,UNBIND_NS,1
33.6445539219,96,BIND_NS,1
33.6492358624,52,BIND_NS,1
33.6585739396,59,SLIDE_LEFT,1
33.6586287497,34,SLIDE_RIGHT,1
33.6665941613,61,BIND_NS,1
33.6706446497,70,UNBIND_NS,1
33.6775597378,21,BIND_NS,1
33.6805713448,25,SLIDE_RIGHT,1
33.6829644231,92,SLIDE_LEFT,1
33.6883236119,88,UNBIND_NS,1
33.6883360697,21,SLIDE_LEFT,1
33.7012432142,67,SLIDE_RIGHT,1
33.7032952365,35,SLIDE_RIGHT,1
33.7107170784,96,SLIDE_LEFT,1
33.7232896736,65,BIND_NS,1
33.7298701627,85,SLIDE_RIGHT,1
33.7334231284,20,SLIDE_RIGHT,1
33.7390242621,38,SLIDE_LEFT,1
33.7429580943,95,SLIDE_RIGHT,1
33.7435948243,72,BIND_NS,1
33.7488072465,15,SLIDE_RIGHT,1
33.7537849977,58,SLIDE_LEFT,1
33.7585819507,98,SLIDE_LEFT,1
33.7699475333,9,SLIDE_LEFT,1
33.7733714395,48,SLIDE_RIGHT,1
33.7765452038,49,SLIDE_LEFT,1
33.7968430497,96,UNBIND_NS,1
33.7986123667,22,BIND_NS,1
33.8159625436,65,SLIDE_RIGHT,1
33.8193284266,68,SLIDE_LEFT,1
33.8244404154,57,SLIDE_RIGHT,1
33.8352378776,94,SLIDE_LEFT,1
33.8388146675,79,SLIDE_RIGHT,1
33.8470578331,97,SLIDE_LEFT,1
33.8482840466,24,BIND_NS,1
33.8748906513,16,SLIDE_LEFT,1
33.8801480868,97,BIND_NS,1
33.8831128711,5,SLIDE_RIGHT,1
33.8831982591,67,SLIDE_RIGHT,1
33.8835404011,63,SLIDE_LEFT,1
33.8860113940,91,UNBIND_NS,1
33.8918411797,86,UNBIND_NS,1
33.8968186848,24,SLIDE_LEFT,1
33.9006479367,74,BIND_NS,1
33.9157059559,91,BIND_NS,1
33.9161138237,77,BIND_NS,1
33.9164443130,80,SLIDE_LEFT,1
33.9179996154,23,SLIDE_RIGHT,1
33.9223192335,24,SLIDE_LEFT,1
33.9254516018,60,SLIDE_LEFT,1
33.9272666439,2,SLIDE_LEFT,1
33.9378756261,75,BIND_NS,1
33.9426318499,6,SLIDE_LEFT,1
33.9485591228,97,SLIDE_RIGHT,1
33.9584251389,15,SLIDE_RIGHT,1
33.9651700835,9,BIND_NS,1
33.9663444574,79,UNBIND_NS,1
33.9680173809,22,UNBIND_NS,1
33.9695341772,8,SLIDE_LEFT,1
33.9833882798,33,SLIDE_RIGHT,1
33.9928687322,11,SLIDE_RIGHT,1
33.9937214743,93,SLIDE_RIGHT,1
33.9947377622,32,BIND_NS,1
33.9953395845,16,SLIDE_LEFT,1
34.0000310867,12,UNBIND_NS,1
34.0048636173,47,BIND_NS,1
34.0226205403,67,BIND_NS,1
34.0248427732,91,SLIDE_LEFT,1
34.0323718154,73,UNBIND_NS,1
34.0418423115,96,SLIDE_RIGHT,1
34.0466988059,62,SLIDE_RIGHT,1
34.0611908811,34,SLIDE_LEFT,1
34.0656799790,26,SLIDE_RIGHT,1
34.0667779871,63,SLIDE_LEFT,1
34.0678365736,83,UNBIND_NS,1
34.0804639010,27,SLIDE_LEFT,1
34.0806754427,9,UNBIND_NS,1
34.0865694522,32,SLIDE_LEFT,1
34.0883754636,74,UNBIND_NS,1
34.0898963563,56,SLIDE_RIGHT,1
34.1058000408,86,BIND_NS,1
34.1068985167,2,BIND_NS,1
34.1085086069,75,SLIDE_LEFT,1
34.1150790630,94,SLIDE_LEFT,1
34.1236633590,54,BIND_NS,1
34.1333410864,68,UNBIND_NS,1
34.1373575805,28,BIND_NS,1
34.1416907732,61,UNBIND_NS,1
34.1434584357,93,SLIDE_LEFT,1
34.1462998056,54,SLIDE_LEFT,1
34.1651526661,5,SLIDE_RIGHT,1
34.1665520765,58,UNBIND_NS,1
34.1670516317,1,UNBIND_NS,1
34.1717813714,48,SLIDE_RIGHT,1
34.1766572225,29,UNBIND_NS,1
34.1774083340,15,SLIDE_RIGHT,1
34.1852645015,72,SLIDE_RIGHT,1
34.1983518387,97,SLIDE_LEFT,1
34.2089790458,17,SLIDE_RIGHT,1
34.2173931371,74,SLIDE_RIGHT,1
34.2207013034,86,SLIDE_RIGHT,1
34.2235803835,57,SLIDE_RIGHT,1
34.2301634232,23,SLIDE_RIGHT,1
34.2347245668,43,UNBIND_NS,1
34.2369058969,47,SLIDE_RIGHT,1
34.2396682047,37,SLIDE_RIGHT,1
34.2444268569,95,BIND_NS,1
34.2480875945,84,SLIDE_LEFT,1
34.2496742475,4,BIND_NS,1
34.2521762750,3,BIND_NS,1
34.2545681279,71,SLIDE_RIGHT,1
34.2568595411,75,SLIDE_LEFT,1
34.2765715933,87,SLIDE_LEFT,1
34.2811709483,71,BIND_NS,1
34.2817916088,36,SLIDE_LEFT,1
34.2857580396,14,SLIDE_LEFT,1
34.2889564007,31,UNBIND_NS,1
34.2898570772,73,UNBIND_NS,1
34.2921976731,45,SLIDE_RIGHT,1
34.2980018271,30,SLIDE_RIGHT,1
34.3027650160,82,BIND_NS,1
34.3149541665,66,SLIDE_LEFT,1
34.3193823711,24,SLIDE_LEFT,1
34.3197752646,77,UNBIND_NS,1
34.3218858207,9,BIND_NS,1
34.3234569426,98,UNBIND_NS,1
34.3286887164,2,SLIDE_LEFT,1
34.3370104899,16,SLIDE_LEFT,1
34.3376669170,10,BIND_NS,1
34.3428504867,26,SLIDE_RIGHT,1
34.3434654847,48,SLIDE_LEFT,1
34.3447632793,55,SLIDE_RIGHT,1
34.3608691607,18,SLIDE_LEFT,1
34.3640412033,83,SLIDE_RIGHT,1
34.3700970390,74,SLIDE_RIGHT,1
34.3744984699,0,BIND_NS,1
34.3754564194,6,SLIDE_LEFT,1
34.3807284636,62,SLIDE_LEFT,1
34.3860866053,96,SLIDE_RIGHT,1
34.3883358133,1,SLIDE_RIGHT,1
34.3919698447,62,BIND_NS,1
34.3924763549,67,SLIDE_RIGHT,1
34.3944865747,56,SLIDE_RIGHT,1
34.3957844328,81,BIND_NS,1
34.4097325488,33,SLIDE_RIGHT,1
34.4174492498,73,BIND_NS,1
34.4206407522,28,SLIDE_RIGHT,1
34.4220628228,15,UNBIND_NS,1
34.4299278116,0,SLIDE_RIGHT,1
34.4491679668,38,UNBIND_NS,1
34.4491963592,8,BIND_NS,1
34.4553818273,25,BIND_NS,1
34.4623475583,68,UNBIND_NS,1
34.4711545287,73,UNBIND_NS,1
34.4779912883,17,SLIDE_RIGHT,1
34.4808468507,92,UNBIND_NS,1
34.4906090350,13,SLIDE_LEFT,1
34.4946051847,1,UNBIND_NS,1
34.4980976727,95,SLIDE_LEFT,1
34.4990387635,18,SLIDE_RIGHT,1
34.5038918821,27,UNBIND_NS,1
34.5041713871,42,SLIDE_RIGHT,1
34.5075026520,75,SLIDE_LEFT,1
34.5085908113,31,SLIDE_RIGHT,1
34.5093244430,72,SLIDE_RIGHT,1
34.5308329076,5,UNBIND_NS,1
34.5409772587,83,BIND_NS,1
34.5475469165,16,BIND_NS,1
34.5507107001,49,SLIDE_LEFT,1
34.5515025885,81,UNBIND_NS,1
34.5533996463,65,SLIDE_LEFT,1
34.5658103391,90,SLIDE_RIGHT,1
34.5686128161,45,BIND_NS,1
34.5701917110,43,SLIDE_LEFT,1
34.5726924155,5,BIND_NS,1
34.5849409135,16,UNBIND_NS,1
34.5905964273,25,SLIDE_RIGHT,1
34.5911687683,94,SLIDE_LEFT,1
34.6123259975,93,UNBIND_NS,1
34.6126682846,51,BIND_NS,1
34.6243737574,97,SLIDE_LEFT,1
34.6413689885,61,UNBIND_NS,1
34.6510363511,94,BIND_NS,1
34.6580192348,81,BIND_NS,1
34.6679271951,0,BIND_NS,1
34.6777415622,86,SLIDE_LEFT,1
34.6812759674,22,BIND_NS,1
34.6847000493,91,UNBIND_NS,1
34.6928154993,34,SLIDE_LEFT,1
34.7018689741,74,SLIDE_RIGHT,1
34.7098019069,5,SLIDE_RIGHT,1
34.7120200088,85,UNBIND_NS,1
34.7164512085,84,SLIDE_RIGHT,1
34.7184799103,35,SLIDE_RIGHT,1
34.7227123366,41,UNBIND_NS,1
34.7278223132,96,SLIDE_LEFT,1
34.7441614628,42,SLIDE_LEFT,1
34.7468101437,90,BIND_NS,1
34.7471643362,29,SLIDE_LEFT,1
34.7495075753,21,SLIDE_LEFT,1
34.7511981174,55,BIND_NS,1
34.7587648267,47,UNBIND_NS,1
34.7596365720,73,SLIDE_RIGHT,1
34.7739535696,44,SLIDE_LEFT,1
34.7850805557,40,UNBIND_NS,1
34.7861920328,74,SLIDE_LEFT,1
34.7947200454,69,SLIDE_RIGHT,1
34.8064877593,36,UNBIND_NS,1
34.8148435111,78,BIND_NS,1
34.8198758394,4,SLIDE_RIGHT,1
34.8210190631,58,UNBIND_NS,1
34.8242650004,19,SLIDE_LEFT,1
34.8272329624,51,UNBIND_NS,1
34.8365862784,20,SLIDE_LEFT,1
34.8420749446,85,SLIDE_RIGHT,1
34.8505116083,12,UNBIND_NS,1
34.8554465002,6,UNBIND_NS,1
34.8572062924,33,SLIDE_RIGHT,1
34.8574679724,96,BIND_NS,1
34.8590475377,0,SLIDE_RIGHT,1
34.8600010778,22,SLIDE_LEFT,1
34.8703707394,57,SLIDE_RIGHT,1
34.8767435305,52,SLIDE_LEFT,1
34.8788556204,26,SLIDE_LEFT,1
34.8789287210,39,UNBIND_NS,1
34.8933867886,53,SLIDE_RIGHT,1
34.8942878930,48,SLIDE_RIGHT,1
34.8978835618,81,SLIDE_LEFT,1
34.9149990128,1,UNBIND_NS,1
34.9217050306,32,SLIDE_LEFT,1
34.9310414484,60,BIND_NS,1
34.9437480140,62,SLIDE_LEFT,1
34.9548803543,34,SLIDE_LEFT,1
34.9653544042,7,SLIDE_LEFT,1
34.9669280084,55,SLIDE_RIGHT,1
34.9751920935,21,SLIDE_RIGHT,1
34.9770791157,31,SLIDE_LEFT,1
34.9836063638,51,UNBIND_NS,1
34.9882307649,23,UNBIND_NS,1
34.9886938592,85,BIND_NS,1
34.9932889042,71,SLIDE_RIGHT,1
35.0102697303,30,SLIDE_LEFT,1
35.0276815935,78,SLIDE_RIGHT,1
35.0287860331,25,SLIDE_LEFT,1
35.0322456050,75,SLIDE_LEFT,1
35.0339951402,58,SLIDE_LEFT,1
35.0395249459,2,UNBIND_NS,1
35.0436015049,90,UNBIND_NS,1
35.0560895932,19,SLIDE_RIGHT,1
35.0630156084,22,SLIDE_RIGHT,1
35.0630253380,38,BIND_NS,1
35.0773044224,47,BIND_NS,1
35.0928256225,47,SLIDE_RIGHT,1
35.1071588138,54,UNBIND_NS,1
35.1081607015,28,UNBIND_NS,1
35.1107450992,46,SLIDE_RIGHT,1
35.1377242038,29,SLIDE_LEFT,1
35.1410299167,43,SLIDE_LEFT,1
35.1454225349,20,UNBIND_NS,1
35.1581436072,78,BIND_NS,1
35.1628592715,30,BIND_NS,1
35.1692066781,70,SLIDE_RIGHT,1
35.1705682296,6,UNBIND_NS,1
35.1760479211,18,UNBIND_NS,1
35.1829056971,5,UNBIND_NS,1
35.1952223527,30,UNBIND_NS,1
35.2067059593,49,SLIDE_RIGHT,1
35.2067281552,48,SLIDE_RIGHT,1
35.2181593280,85,SLIDE_LEFT,1
35.2219503188,73,UNBIND_NS,1
35.2389487625,38,UNBIND_NS,1
35.2469585307,56,SLIDE_LEFT,1
35.2548045298,8,SLIDE_LEFT,1
35.2588861931,74,SLIDE_RIGHT,1
35.2880012948,47,SLIDE_LEFT,1
35.2949180882,71,SLIDE_LEFT,1
35.3004000820,59,UNBIND_NS,1
35.3012263815,24,UNBIND_NS,1
35.3184685681,68,BIND_NS,1
35.3233956463,61,UNBIND_NS,1
35.3301718479,72,SLIDE_RIGHT,1
35.3323320109,57,SLIDE_RIGHT,1
35.3370740395,82,SLIDE_LEFT,1
35.3475249744,10,SLIDE_RIGHT,1
35.3696628712,84,SLIDE_RIGHT,1
35.3740744063,33,SLIDE_RIGHT,1
35.3917573213,58,UNBIND_NS,1
35.3980999118,7,SLIDE_LEFT,1
35.4190577321,83,UNBIND_NS,1
35.4202153898,60,SLIDE_RIGHT,1
35.4442738238,21,BIND_NS,1
35.4488645108,20,BIND_NS,1
35.4544581504,37,BIND_NS,1
35.4597407939,86,SLIDE_RIGHT,1
35.4598850002,54,BIND_NS,1
35.4641756890,75,SLIDE_LEFT,1
35.4658813896,87,SLIDE_LEFT,1
35.4662327488,70,SLIDE_LEFT,1
35.4817073960,11,SLIDE_RIGHT,1
35.4818192247,28,SLIDE_RIGHT,1
35.4824573919,34,SLIDE_LEFT,1
35.5037778929,96,SLIDE_RIGHT,1
35.5128992054,54,SLIDE_LEFT,1
35.5138182188,94,UNBIND_NS,1
35.5277213272,53,SLIDE_RIGHT,1
35.5411110259,69,SLIDE_RIGHT,1
35.5462348749,68,UNBIND_NS,1
35.5467722976,85,SLIDE_LEFT,1
35.5526461217,13,BIND_NS,1
35.5572403034,97,UNBIND_NS,1
35.5636954392,86,UNBIND_NS,1
35.5680310740,54,SLIDE_LEFT,1
35.5690665247,82,BIND_NS,1
35.5735348435,49,SLIDE_LEFT,1
35.5749847493,50,UNBIND_NS,1
35.5750981665,18,BIND_NS,1
35.5805915411,12,UNBIND_NS,1
35.5889638597,48,SLIDE_RIGHT,1
35.5958453073,64,SLIDE_RIGHT,1
35.5963317052,78,SLIDE_LEFT,1
35.6000738930,18,SLIDE_LEFT,1
35.6006496321,18,BIND_NS,1
35.6061891860,17,SLIDE_LEFT,1
35.6124196112,16,SLIDE_RIGHT,1
35.6188414019,77,SLIDE_RIGHT,1
35.6212787892,70,SLIDE_RIGHT,1
35.6317102583,31,BIND_NS,1
35.6321385500,49,SLIDE_LEFT,1
35.6354566612,67,BIND_NS,1
35.6381029185,20,UNBIND_NS,1
35.6420720981,73,SLIDE_LEFT,1
35.6473261059,69,BIND_NS,1
35.6736735562,53,SLIDE_LEFT,1
35.6855049061,84,SLIDE_LEFT,1
35.6899933842,83,UNBIND_NS,1
35.6963151555,67,SLIDE_LEFT,1
35.6974226195,61,SLIDE_RIGHT,1
35.7040883282,29,SLIDE_LEFT,1
35.7041193493,23,SLIDE_LEFT,1
35.7122020615,71,SLIDE_LEFT,1
35.7218815483,17,SLIDE_LEFT,1
35.7288599010,18,SLIDE_RIGHT,1
35.7324739411,3,SLIDE_RIGHT,1
35.7350326043,17,BIND_NS,1
35.7356943591,19,SLIDE_RIGHT,1
35.7363358858,31,SLIDE_RIGHT,1
35.7387293942,48,SLIDE_RIGHT,1
35.7439396912,2,BIND_NS,1
35.7688702353,78,SLIDE_LEFT,1
35.7740157479,13,UNBIND_NS,1
35.7758235458,97,BIND_NS,1
35.7891729330,2,SLIDE_RIGHT,1
35.7947336927,95,SLIDE_LEFT,1
35.7969972614,33,SLIDE_RIGHT,1
35.8001240589,39,BIND_NS,1
35.8030772572,17,SLIDE_RIGHT,1
35.8072161714,55,SLIDE_LEFT,1
35.8116070937,46,UNBIND_NS,1
35.8116593216,39,SLIDE_LEFT,1
35.8121201941,49,SLIDE_LEFT,1
35.8173623508,77,SLIDE_RIGHT,1
35.8392475667,94,SLIDE_RIGHT,1
35.8578738690,83,BIND_NS,1
35.8622497217,95,SLIDE_RIGHT,1
35.8639344672,83,SLIDE_RIGHT,1
35.8642020153,91,BIND_NS,1
35.8736246942,41,UNBIND_NS,1
35.8739451422,72,UNBIND_NS,1
35.8801509750,54,SLIDE_LEFT,1
35.8806913901,93,BIND_NS,1
35.8829518478,62,SLIDE_RIGHT,1
35.8926385340,19,BIND_NS,1
35.8970867587,63,SLIDE_RIGHT,1
35.8974554899,34,SLIDE_LEFT,1
35.9007382067,22,UNBIND_NS,1
35.9054459776,93,SLIDE_LEFT,1
35.9088449551,93,BIND_NS,1
35.9158552956,64,SLIDE_LEFT,1
35.9225500435,69,SLIDE_LEFT,1
35.9370617458,96,UNBIND_NS,1
35.9381841540,80,UNBIND_NS,1
35.9388540613,65,UNBIND_NS,1
35.9400106304,93,UNBIND_NS,1
35.9445246327,37,SLIDE_LEFT,1
35.9452980769,23,BIND_NS,1
35.9823890732,4,SLIDE_RIGHT,1
35.9843914981,12,BIND_NS,1
35.9869930783,36,SLIDE_LEFT,1
35.9985338321,3,UNBIND_NS,1
36.0043612726,18,SLIDE_LEFT,1
36.0070121092,97,SLIDE_RIGHT,1
36.0192159063,82,SLIDE_RIGHT,1
36.0259178196,25,BIND_NS,1
36.0283351830,78,SLIDE_LEFT,1
36.0288194012,5,SLIDE_LEFT,1
36.0356931598,63,UNBIND_NS,1
36.0418839426,74,SLIDE_RIGHT,1
36.0422320527,88,BIND_NS,1
36.0502766849,97,BIND_NS,1
36.0593591567,88,SLIDE_RIGHT,1
36.0632092023,21,SLIDE_RIGHT,1
36.0639346800,35,SLIDE_RIGHT,1
36.0685473871,32,SLIDE_LEFT,1
36.0694036797,32,BIND_NS,1
36.0797496781,53,SLIDE_RIGHT,1
36.0825122924,54,SLIDE_RIGHT,1
36.0879887376,28,SLIDE_RIGHT,1
36.0888915290,33,SLIDE_RIGHT,1
36.0913666441,19,SLIDE_LEFT,1
36.0943658982,8,BIND_NS,1
36.0944974579,29,SLIDE_LEFT,1
36.0997225098,92,SLIDE_RIGHT,1
36.1184131840,91,UNBIND_NS,1
36.1256799230,36,UNBIND_NS,1
36.1297543593,48,SLIDE_LEFT,1
36.1309769203,8,SLIDE_LEFT,1
36.1330894421,77,SLIDE_LEFT,1
36.1345055823,9,SLIDE_RIGHT,1
36.1414478983,42,SLIDE_LEFT,1
36.1439162441,98,SLIDE_RIGHT,1
36.1457957623,66,UNBIND_NS,1
36.1460069568,81,SLIDE_LEFT,1
36.1572733682,70,SLIDE_RIGHT,1
36.1577545034,68,SLIDE_LEFT,1
36.1581825064,89,SLIDE_RIGHT,1
36.1683017120,16,SLIDE_LEFT,1
36.1720142149,7,SLIDE_RIGHT,1
36.1802934518,5,BIND_NS,1
36.1925077140,31,SLIDE_LEFT,1
36.1977197795,81,BIND_NS,1
36.1990633501,19,BIND_NS,1
36.1991565983,41,SLIDE_RIGHT,1
36.1995449295,43,BIND_NS,1
36.2004637069,20,SLIDE_RIGHT,1
36.2029175355,32,SLIDE_RIGHT,1
36.2084972832,33,UNBIND_NS,1
36.2113443137,12,SLIDE_LEFT,1
36.2129720036,38,SLIDE_RIGHT,1
36.2335920539,79,SLIDE_LEFT,1
36.2340476403,69,BIND_NS,1
36.2366805889,36,BIND_NS,1
36.2475116891,70,BIND_NS,1
36.2584279407,84,UNBIND_NS,1
36.2602617953,69,SLIDE_LEFT,1
36.2604079234,65,BIND_NS,1
36.2654130397,90,UNBIND_NS,1
36.2656575028,78,SLIDE_LEFT,1
36.2656763395,2,BIND_NS,1
36.2663890500,19,SLIDE_RIGHT,1
36.2709605563,80,SLIDE_LEFT,1
36.2764389326,99,SLIDE_LEFT,1
36.2821821258,6,UNBIND_NS,1
36.2934376723,93,SLIDE_LEFT,1
36.2938517821,83,SLIDE_RIGHT,1
36.3145301404,29,BIND_NS,1
36.3190171418,65,SLIDE_RIGHT,1
36.3258300038,15,SLIDE_RIGHT,1
36.3349849399,52,SLIDE_RIGHT,1
36.3424500616,92,SLIDE_LEFT,1
36.3456833769,52,BIND_NS,1
36.3535381298,42,SLIDE_LEFT,1
36.3595570661,16,SLIDE_LEFT,1
36.3609706005,20,SLIDE_LEFT,1
36.3617263740,79,SLIDE_LEFT,1
36.3641201188,28,SLIDE_LEFT,1
36.3641453668,55,SLIDE_RIGHT,1
36.3683406685,16,BIND_NS,1
36.3760993101,15,SLIDE_LEFT,1
36.3761385218,47,SLIDE_RIGHT,1
36.3807804816,85,BIND_NS,1
36.3912777460,23,UNBIND_NS,1
36.4010385560,62,BIND_NS,1
36.4038318683,2,SLIDE_LEFT,1
36.4079351919,30,SLIDE_RIGHT,1
36.4178895175,73,BIND_NS,1
36.4220283275,25,UNBIND_NS,1
36.4253858622,14,UNBIND_NS,1
36.4430101824,36,SLIDE_RIGHT,1
36.4447702360,98,SLIDE_RIGHT,1
36.4492126555,53,SLIDE_RIGHT,1
36.4509181179,48,SLIDE_RIGHT,1
36.4542165524,26,BIND_NS,1
36.4589652086,1,SLIDE_RIGHT,1
36.4650240403,85,UNBIND_NS,1
36.4720693333,52,SLIDE_RIGHT,1
36.4810623820,21,SLIDE_LEFT,1
36.4828435755,74,BIND_NS,1
36.4875481122,20,UNBIND_NS,1
36.4957930224,14,BIND_NS,1
36.4990808042,84,SLIDE_LEFT,1
36.5125810294,99,SLIDE_LEFT,1
36.5258623099,34,SLIDE_RIGHT,1
36.5335119366,6,BIND_NS,1
36.5335442096,52,BIND_NS,1
36.5458942009,31,SLIDE_RIGHT,1
36.5495263620,97,SLIDE_LEFT,1
36.5496961714,56,SLIDE_LEFT,1
36.5573792701,52,SLIDE_LEFT,1
36.5642540287,11,SLIDE_RIGHT,1
36.5644022700,75,UNBIND_NS,1
36.5670837024,12,SLIDE_RIGHT,1
36.5750000663,41,UNBIND_NS,1
36.5796824835,8,SLIDE_LEFT,1
36.5819662415,49,SLIDE_RIGHT,1
36.5835315698,62,SLIDE_RIGHT,1
36.5846249261,26,SLIDE_LEFT,1
36.5879239066,25,SLIDE_RIGHT,1
36.5914128943,98,SLIDE_RIGHT,1
36.5976855961,76,SLIDE_LEFT,1
36.6032409047,81,SLIDE_LEFT,1
36.6080332644,56,BIND_NS,1
36.6084925100,16,UNBIND_NS,1
36.6170157603,10,SLIDE_LEFT,1
36.6394202432,83,SLIDE_LEFT,1
36.6428217846,37,SLIDE_RIGHT,1
36.6440184455,91,SLIDE_LEFT,1
36.6490803357,14,SLIDE_RIGHT,1
36.6559030924,17,SLIDE_LEFT,1
36.6591462572,68,UNBIND_NS,1
36.6662186855,50,SLIDE_LEFT,1
36.6818236420,80,SLIDE_RIGHT,1
36.6857152746,2,SLIDE_LEFT,1
36.6895379816,7,SLIDE_RIGHT,1
36.7020487515,13,SLIDE_RIGHT,1
36.7313069907,67,UNBIND_NS,1
36.7501342884,62,BIND_NS,1
36.7554284425,97,BIND_NS,1
36.7584383685,49,SLIDE_LEFT,1
36.7642923897,14,SLIDE_LEFT,1
36.7666891198,95,BIND_NS,1
36.7878113616,45,SLIDE_RIGHT,1
36.7910763432,43,SLIDE_RIGHT,1
36.7945120937,22,SLIDE_LEFT,1
36.8008245069,66,SLIDE_LEFT,1
36.8034383614,56,SLIDE_RIGHT,1
36.8057325160,48,SLIDE_RIGHT,1
36.8090915828,90,SLIDE_LEFT,1
36.8141417391,1,SLIDE_RIGHT,1
36.8141831509,54,UNBIND_NS,1
36.8144575339,95,SLIDE_LEFT,1
36.8174703841,18,SLIDE_LEFT,1
36.8192426979,47,BIND_NS,1
36.8267276137,75,UNBIND_NS,1
36.8276229082,46,UNBIND_NS,1
36.8327929349,32,UNBIND_NS,1
36.8512287659,19,SLIDE_LEFT,1
36.8563952059,89,SLIDE_LEFT,1
36.8566608311,62,SLIDE_LEFT,1
36.8583241845,2,SLIDE_LEFT,1
36.8631047080,49,SLIDE_RIGHT,1
36.8698572446,49,BIND_NS,1
36.8710929420,9,UNBIND_NS,1
36.8742472245,79,BIND_NS,1
36.8764160842,1,SLIDE_LEFT,1
36.8810037918,27,SLIDE_RIGHT,1
36.8849441242,2,BIND_NS,1
36.8914783930,18,SLIDE_RIGHT,1
36.8938481586,6,SLIDE_RIGHT,1
36.8986541761,0,UNBIND_NS,1
36.9097090439,7,SLIDE_LEFT,1
36.9121142846,70,SLIDE_LEFT,1
36.9176287355,15,SLIDE_LEFT,1
36.9182025894,2,UNBIND_NS,1
36.9219117930,12,BIND_NS,1
36.9233693725,97,SLIDE_RIGHT,1
36.9493582464,35,SLIDE_LEFT,1
36.9507647075,8,SLIDE_LEFT,1
36.9534978332,39,SLIDE_RIGHT,1
36.9649968719,88,SLIDE_RIGHT,1
36.9651017761,44,SLIDE_LEFT,1
36.9652642948,36,BIND_NS,1
36.9705930518,21,SLIDE_RIGHT,1
36.9718836690,96,SLIDE_RIGHT,1
36.9735131567,63,SLIDE_LEFT,1
36.9741163272,74,SLIDE_RIGHT,1
36.9831343783,73,SLIDE_RIGHT,1
36.9835575962,53,SLIDE_RIGHT,1
36.9937726548,89,SLIDE_LEFT,1
37.0018979615,82,UNBIND_NS,1
37.0069466973,5,UNBIND_NS,1
37.0143846274,4,SLIDE_LEFT,1
37.0226544281,74,UNBIND_NS,1
37.0237011362,47,SLIDE_LEFT,1
37.0340038215,40,SLIDE_RIGHT,1
37.0360019982,47,BIND_NS,1
37.0423068249,97,SLIDE_LEFT,1
37.0595095687,14,UNBIND_NS,1
37.0722732818,46,SLIDE_LEFT,1
37.0753392181,55,SLIDE_RIGHT,1
37.0756515588,69,SLIDE_LEFT,1
37.0763729319,61,SLIDE_LEFT,1
37.0778772534,71,SLIDE_RIGHT,1
37.0786376718,19,SLIDE_RIGHT,1
37.0810627194,57,SLIDE_RIGHT,1
37.0813180145,79,SLIDE_RIGHT,1
37.0835988020,56,SLIDE_RIGHT,1
37.0863130319,49,SLIDE_LEFT,1
37.0872569759,43,SLIDE_RIGHT,1
37.0897048408,29,SLIDE_RIGHT,1
37.0933740567,28,SLIDE_RIGHT,1
37.0972902073,54,SLIDE_LEFT,1
37.1050720111,22,SLIDE_RIGHT,1
37.1170914573,23,SLIDE_LEFT,1
37.1269619874,34,SLIDE_LEFT,1
37.1318344624,17,SLIDE_RIGHT,1
37.1324470400,86,BIND_NS,1
37.1392638808,96,SLIDE_LEFT,1
37.1409445778,3,SLIDE_RIGHT,1
37.1442362772,85,BIND_NS,1
37.1452733418,93,BIND_NS,1
37.1751054404,69,BIND_NS,1
37.1765188788,16,SLIDE_RIGHT,1
37.1821150556,80,SLIDE_LEFT,1
37.1857727554,4,SLIDE_LEFT,1
37.1896245517,3,SLIDE_LEFT,1
37.1992418221,2,SLIDE_RIGHT,1
37.2169675200,81,SLIDE_LEFT,1
37.2191661753,1,BIND_NS,1
37.2217947520,43,BIND_NS,1
37.2350404809,69,SLIDE_RIGHT,1
37.2363692813,95,UNBIND_NS,1
37.2367612837,7,SLIDE_RIGHT,1
37.2436188255,92,BIND_NS,1
37.2472782827,22,UNBIND_NS,1
37.2525316493,53,UNBIND_NS,1
37.2596309388,20,SLIDE_LEFT,1
37.2600622470,43,SLIDE_LEFT,1
37.2768410289,59,BIND_NS,1
37.2908482979,38,SLIDE_RIGHT,1
37.2948866618,72,SLIDE_LEFT,1
37.2983856593,20,BIND_NS,1
37.2987537239,58,UNBIND_NS,1
37.3010277518,26,SLIDE_RIGHT,1
37.3183087463,12,SLIDE_LEFT,1
37.3194438509,65,SLIDE_RIGHT,1
37.3305228267,42,UNBIND_NS,1
37.3438544566,44,SLIDE_LEFT,1
37.3439559595,88,SLIDE_LEFT,1
37.3523041826,59,SLIDE_LEFT,1
37.3556780308,41,SLIDE_RIGHT,1
37.3558236896,42,SLIDE_LEFT,1
37.3565546390,1,SLIDE_LEFT,1
37.3612684518,80,SLIDE_RIGHT,1
37.3645211905,13,UNBIND_NS,1
37.3664593194,8,SLIDE_RIGHT,1
37.3689168606,9,SLIDE_LEFT,1
37.3782881719,41,SLIDE_LEFT,1
37.3789804249,23,BIND_NS,1
37.3799580685,11,SLIDE_RIGHT,1
37.3810264251,47,SLIDE_LEFT,1
37.3823891804,48,SLIDE_RIGHT,1
37.3901100158,43,SLIDE_RIGHT,1
37.3917930238,39,SLIDE_LEFT,1
37.3932198686,38,SLIDE_LEFT,1
37.4112029195,8,SLIDE_RIGHT,1
37.4155345185,36,SLIDE_LEFT,1
37.4224971546,28,BIND_NS,1
37.4251051183,3,SLIDE_LEFT,1
37.4389559169,9,SLIDE_LEFT,1
37.4419147983,60,SLIDE_RIGHT,1
37.4431290811,4,BIND_NS,1
37.4589125581,80,BIND_NS,1
37.4648239322,71,SLIDE_RIGHT,1
37.4690587022,40,SLIDE_RIGHT,1
37.4719749975,74,BIND_NS,1
37.4785419066,95,BIND_NS,1
37.4828821966,72,SLIDE_RIGHT,1
37.4833848349,72,BIND_NS,1
37.4891247916,23,SLIDE_LEFT,1
37.4974386381,20,SLIDE_RIGHT,1
37.5231375942,12,SLIDE_LEFT,1
37.5248096739,4,SLIDE_LEFT,1
37.5341011453,35,UNBIND_NS,1
37.5387040546,72,SLIDE_LEFT,1
37.5554119627,62,UNBIND_NS,1
37.5775420333,6,SLIDE_LEFT,1
37.5835510335,98,SLIDE_LEFT,1
37.5849718934,21,SLIDE_LEFT,1
37.5917894156,5,SLIDE_RIGHT,1
37.6013081880,15,BIND_NS,1
37.6027729597,81,SLIDE_RIGHT,1
37.6054621661,97,SLIDE_RIGHT,1
37.6055371589,30,SLIDE_RIGHT,1
37.6073576203,15,SLIDE_RIGHT,1
37.6136661736,6,SLIDE_RIGHT,1
37.6210921913,57,SLIDE_LEFT,1
37.6335128121,68,SLIDE_LEFT,1
37.6368136996,31,SLIDE_LEFT,1
37.6484457711,67,UNBIND_NS,1
37.6513907397,20,SLIDE_RIGHT,1
37.6537392600,7,UNBIND_NS,1
37.6550254563,56,SLIDE_RIGHT,1
37.6648061905,29,UNBIND_NS,1
37.6688797486,33,SLIDE_RIGHT,1
37.6794105468,23,BIND_NS,1
37.6817969191,39,BIND_NS,1
37.6898894072,34,UNBIND_NS,1
37.6962527121,92,SLIDE_LEFT,1
37.7017986097,58,SLIDE_RIGHT,1
37.7036105155,63,BIND_NS,1
37.7064105281,39,SLIDE_RIGHT,1
37.7193469916,66,UNBIND_NS,1
37.7233929724,48,BIND_NS,1
37.7370574001,37,SLIDE_LEFT,1
37.7418263574,36,SLIDE_RIGHT,1
37.7419167249,41,SLIDE_RIGHT,1
37.7465922846,26,BIND_NS,1
37.7616462767,57,UNBIND_NS,1
37.7641868400,97,BIND_NS,1
37.7687992387,46,SLIDE_RIGHT,1
37.7804266345,51,SLIDE_RIGHT,1
37.7810248960,95,UNBIND_NS,1
37.7834790250,61,SLIDE_LEFT,1
37.7888027522,52,SLIDE_RIGHT,1
37.7954628117,67,BIND_NS,1
37.8059452695,8,SLIDE_LEFT,1
37.8128663807,90,BIND_NS,1
37.8161485392,71,SLIDE_RIGHT,1
37.8190940516,28,SLIDE_RIGHT,1
37.8247351018,65,BIND_NS,1
37.8287376358,59,UNBIND_NS,1
37.8290861898,67,SLIDE_RIGHT,1
37.8298429406,76,BIND_NS,1
37.8400940001,11,SLIDE_LEFT,1
37.8407273921,10,SLIDE_LEFT,1
37.8553831832,2,SLIDE_LEFT,1
37.8670161054,30,SLIDE_RIGHT,1
37.8750237561,70,SLIDE_LEFT,1
37.8828853193,45,UNBIND_NS,1
37.8908525699,1,SLIDE_RIGHT,1
37.8997629821,42,SLIDE_RIGHT,1
37.9101510334,94,SLIDE_RIGHT,1
37.9125966442,63,SLIDE_RIGHT,1
37.9134761852,31,SLIDE_LEFT,1
37.9171367288,82,SLIDE_LEFT,1
37.9180143159,38,BIND_NS,1
37.9509686203,7,SLIDE_LEFT,1
37.9592536679,53,SLIDE_RIGHT,1
37.9644972182,54,SLIDE_RIGHT,1
37.9730678517,2,SLIDE_LEFT,1
37.9736769664,38,SLIDE_RIGHT,1
37.9806479496,21,UNBIND_NS,1
37.9810445743,3,SLIDE_LEFT,1
37.9939880570,16,UNBIND_NS,1
37.9981799923,20,BIND_NS,1
38.0027965186,17,SLIDE_LEFT,1
38.0149469323,77,UNBIND_NS,1
38.0237211202,93,SLIDE_RIGHT,1
38.0243338120,74,UNBIND_NS,1
38.0349717877,24,BIND_NS,1
38.0406199542,68,SLIDE_LEFT,1
38.0418093907,95,SLIDE_RIGHT,1
38.0454130428,40,UNBIND_NS,1
38.0458563957,33,BIND_NS,1
38.0593714994,60,SLIDE_LEFT,1
38.0646070382,6,SLIDE_LEFT,1
38.0727507489,5,SLIDE_RIGHT,1
38.0888667250,8,BIND_NS,1
38.0950429690,78,UNBIND_NS,1
38.1022413413,16,SLIDE_RIGHT,1
38.1033243127,65,SLIDE_RIGHT,1
38.1119438468,64,SLIDE_RIGHT,1
38.1131016047,65,SLIDE_LEFT,1
38.1191629651,83,BIND_NS,1
38.1303020535,9,SLIDE_RIGHT,1
38.1363266012,92,BIND_NS,1
38.1415556854,67,UNBIND_NS,1
38.1519679409,0,UNBIND_NS,1
38.1592081723,33,SLIDE_RIGHT,1
38.1624506997,85,SLIDE_LEFT,1
38.1749079543,79,SLIDE_LEFT,1
38.1772998057,44,SLIDE_RIGHT,1
38.1781792624,19,UNBIND_NS,1
38.1903001891,92,SLIDE_RIGHT,1
38.1911282231,4,BIND_NS,1
38.1932512794,26,UNBIND_NS,1
38.1997707745,39,SLIDE_RIGHT,1
38.2056892135,24,SLIDE_RIGHT,1
38.2151495467,34,SLIDE_RIGHT,1
38.2165676069,54,BIND_NS,1
38.2186677254,50,UNBIND_NS,1
38.2228716107,92,BIND_NS,1
38.2347087418,40,SLIDE_RIGHT,1
38.2362788184,64,SLIDE_RIGHT,1
38.2391151067,27,SLIDE_RIGHT,1
38.2391243762,37,UNBIND_NS,1
38.2391943973,80,UNBIND_NS,1
38.2415013922,6,SLIDE_LEFT,1
38.2419250366,96,SLIDE_LEFT,1
38.2449950924,26,BIND_NS,1
38.2459161384,58,BIND_NS,1
38.2656456226,90,UNBIND_NS,1
38.2695129727,35,UNBIND_NS,1
38.2850573768,37,BIND_NS,1
38.2930500243,10,SLIDE_RIGHT,1
38.2975020017,5,UNBIND_NS,1
38.2992922589,11,SLIDE_LEFT,1
38.3068885622,41,SLIDE_RIGHT,1
38.3107985964,2,SLIDE_RIGHT,1
38.3201773587,22,SLIDE_LEFT,1
38.3242706282,69,SLIDE_LEFT,1
38.3245399072,86,SLIDE_LEFT,1
38.3326073060,99,UNBIND_NS,1
38.3343313156,18,UNBIND_NS,1
38.3398949953,85,SLIDE_RIGHT,1
38.3477629232,84,SLIDE_RIGHT,1
38.3497680736,66,SLIDE_RIGHT,1
38.3535866254,67,UNBIND_NS,1
38.3586945948,19,BIND_NS,1
38.3603271688,91,SLIDE_LEFT,1
38.3623116920,83,SLIDE_LEFT,1
38.3628778492,89,BIND_NS,1
38.3760478827,68,SLIDE_LEFT,1
38.3842107398,10,SLIDE_RIGHT,1
38.3856797490,45,UNBIND_NS,1
38.3913123493,90,SLIDE_RIGHT,1
38.3923762061,68,BIND_NS,1
38.3993678807,17,SLIDE_LEFT,1
38.4039470964,65,SLIDE_LEFT,1
38.4104032626,4,SLIDE_RIGHT,1
38.4194168869,16,SLIDE_RIGHT,1
38.4232584541,64,SLIDE_LEFT,1
38.4246232057,43,SLIDE_RIGHT,1
38.4281120126,78,SLIDE_RIGHT,1
38.4400025061,17,SLIDE_RIGHT,1
38.4440621563,2,BIND_NS,1
38.4478605803,2,UNBIND_NS,1
38.4521612159,8,SLIDE_LEFT,1
38.4555233517,49,UNBIND_NS,1
38.4568426728,63,SLIDE_LEFT,1
38.4573269161,30,SLIDE_RIGHT,1
38.4582438787,69,BIND_NS,1
38.4602526470,67,SLIDE_LEFT,1
38.4604904973,31,UNBIND_NS,1
38.4709106569,3,SLIDE_RIGHT,1
38.4715445310,85,UNBIND_NS,1
38.4720809328,7,UNBIND_NS,1
38.4740468597,23,SLIDE_RIGHT,1
38.4806222246,18,SLIDE_LEFT,1
38.4824972417,79,SLIDE_LEFT,1
38.4868038173,75,UNBIND_NS,1
38.4943239121,13,BIND_NS,1
38.4957677418,64,BIND_NS,1
38.5082492013,29,SLIDE_RIGHT,1
38.5173584650,55,UNBIND_NS,1
38.5179048187,52,BIND_NS,1
38.5208689661,73,UNBIND_NS,1
38.5217003811,47,SLIDE_LEFT,1
38.5298977179,52,UNBIND_NS,1
38.5487131419,4,UNBIND_NS,1
38.5729215369,13,SLIDE_RIGHT,1
38.5800907985,46,SLIDE_LEFT,1
38.5814130015,87,SLIDE_RIGHT,1
38.6092298774,42,SLIDE_RIGHT,1
38.6094375634,72,SLIDE_RIGHT,1
38.6143812880,45,SLIDE_RIGHT,1
38.6151348656,24,UNBIND_NS,1
38.6158247899,78,SLIDE_RIGHT,1
38.6251266507,30,SLIDE_RIGHT,1
38.6477341002,17,SLIDE_LEFT,1
38.6513962165,31,SLIDE_RIGHT,1
38.6568927330,26,SLIDE_RIGHT,1
38.6594110174,58,SLIDE_LEFT,1
38.6670519503,2,BIND_NS,1
38.6678917543,9,BIND_NS,1
38.6720122799,62,UNBIND_NS,1
38.6767487097,13,BIND_NS,1
38.6879885463,68,SLIDE_LEFT,1
38.6952995615,32,SLIDE_LEFT,1
38.6977479591,31,SLIDE_LEFT,1
38.6995414391,30,SLIDE_LEFT,1
38.7134127988,88,UNBIND_NS,1
38.7186655807,46,SLIDE_LEFT,1
38.7247806207,41,BIND_NS,1
38.7255077513,76,SLIDE_LEFT,1
38.7304260033,9,SLIDE_RIGHT,1
38.7363746420,45,UNBIND_NS,1
38.7367625664,69,SLIDE_LEFT,1
38.7408401374,54,SLIDE_RIGHT,1
38.7445218806,81,SLIDE_LEFT,1
38.7461894687,16,UNBIND_NS,1
38.7537666152,86,SLIDE_RIGHT,1
38.7581850002,64,SLIDE_LEFT,1
38.7724700223,19,SLIDE_LEFT,1
38.7784878136,14,SLIDE_RIGHT,1
38.7896950656,80,SLIDE_RIGHT,1
38.7936640250,25,SLIDE_RIGHT,1
38.7971943606,82,SLIDE_RIGHT,1
38.8010085429,66,SLIDE_LEFT,1
38.8015037737,95,SLIDE_RIGHT,1
38.8089445915,20,SLIDE_LEFT,1
38.8110830221,44,SLIDE_RIGHT,1
38.8192241835,19,UNBIND_NS,1
38.8237451554,73,SLIDE_LEFT,1
38.8247352544,45,SLIDE_RIGHT,1
38.8269035255,55,SLIDE_RIGHT,1
38.8344147165,21,UNBIND_NS,1
38.8369200610,93,UNBIND_NS,1
38.8439204182,41,SLIDE_LEFT,1
38.8455948741,81,UNBIND_NS,1
38.8575214333,72,SLIDE_RIGHT,1
38.8604206383,26,SLIDE_LEFT,1
38.8645304120,94,UNBIND_NS,1
38.8646847575,83,SLIDE_LEFT,1
38.8691712195,73,SLIDE_LEFT,1
38.8729156931,59,SLIDE_LEFT,1
38.8830846593,89,SLIDE_LEFT,1
38.8958855756,52,BIND_NS,1
38.9030874772,43,SLIDE_LEFT,1
38.9208049954,75,UNBIND_NS,1
38.9227005935,37,SLIDE_LEFT,1
38.9243058000,79,SLIDE_RIGHT,1
38.9320971442,46,SLIDE_LEFT,1
38.9388024852,29,UNBIND_NS,1
38.9615761924,92,UNBIND_NS,1
38.9686762418,20,BIND_NS,1
38.9703875281,82,UNBIND_NS,1
38.9724033509,45,UNBIND_NS,1
38.9817521922,10,SLIDE_LEFT,1
38.9950930432,5,SLIDE_LEFT,1
39.0246958344,48,SLIDE_LEFT,1
39.0291103679,18,SLIDE_RIGHT,1
39.0360401697,91,UNBIND_NS,1
39.0410002169,52,UNBIND_NS,1
39.0451891153,31,BIND_NS,1
39.0528197928,40,UNBIND_NS,1
39.0598695920,25,UNBIND_NS,1
39.0614946056,63,SLIDE_LEFT,1
39.0644853350,67,SLIDE_LEFT,1
39.0827287313,47,UNBIND_NS,1
39.0927150120,15,SLIDE_RIGHT,1
39.0958379785,31,SLIDE_LEFT,1
39.0997167467,4,SLIDE_LEFT,1
39.1047429204,10,BIND_NS,1
39.1053875823,62,SLIDE_RIGHT,1
39.1070229397,72,SLIDE_LEFT,1
39.1072477165,88,UNBIND_NS,1
39.1211393222,28,UNBIND_NS,1
39.1313246325,13,SLIDE_RIGHT,1
39.1419124574,63,SLIDE_LEFT,1
39.1521754509,11,SLIDE_RIGHT,1
39.1529198839,42,SLIDE_LEFT,1
39.1532384777,96,UNBIND_NS,1
39.1635967447,17,BIND_NS,1
39.1662481768,71,SLIDE_RIGHT,1
39.1666659922,75,BIND_NS,1
39.1772846252,45,BIND_NS,1
39.1944861984,66,SLIDE_RIGHT,1
39.1962134730,12,SLIDE_LEFT,1
39.2008696237,45,SLIDE_RIGHT,1
39.2045309845,87,UNBIND_NS,1
39.2309623144,96,BIND_NS,1
39.2455361789,91,BIND_NS,1
39.2728794994,72,UNBIND_NS,1
39.2805177644,46,SLIDE_LEFT,1
39.2837748486,1,SLIDE_LEFT,1
39.2881881178,94,BIND_NS,1
39.2932941174,2,SLIDE_LEFT,1
39.2984700303,93,BIND_NS,1
39.2996593350,33,BIND_NS,1
39.3037543369,1,UNBIND_NS,1
39.3066552770,2,BIND_NS,1
39.3132692734,9,SLIDE_LEFT,1
39.3202332190,36,SLIDE_RIGHT,1
39.3345096755,39,BIND_NS,1
39.3356829711,62,SLIDE_RIGHT,1
39.3449726062,33,SLIDE_RIGHT,1
39.3475153716,80,SLIDE_RIGHT,1
39.3509120913,62,BIND_NS,1
39.3522521550,94,SLIDE_RIGHT,1
39.3548594546,68,SLIDE_RIGHT,1
39.3549871201,95,UNBIND_NS,1
39.3636397900,65,UNBIND_NS,1
39.3648835522,81,SLIDE_LEFT,1
39.3806221865,92,BIND_NS,1
39.3808126977,29,BIND_NS,1
39.3903229417,93,SLIDE_RIGHT,1
39.3946155335,0,SLIDE_RIGHT,1
39.3971462967,9,BIND_NS,1
39.4029917244,69,SLIDE_RIGHT,1
39.4140180515,94,UNBIND_NS,1
39.4312835007,27,SLIDE_LEFT,1
39.4346049670,28,BIND_NS,1
39.4388466963,19,SLIDE_LEFT,1
39.4602950716,58,SLIDE_RIGHT,1
39.4685685873,25,BIND_NS,1
39.4825612777,30,SLIDE_RIGHT,1
39.4924594935,25,SLIDE_LEFT,1
39.5016062292,9,UNBIND_NS,1
39.5251541772,24,SLIDE_RIGHT,1
39.5411986091,22,BIND_NS,1
39.5504099187,50,BIND_NS,1
39.5778599372,79,BIND_NS,1
39.5984394291,20,SLIDE_LEFT,1
39.6288276095,17,UNBIND_NS,1
39.6399424913,60,BIND_NS,1
39.6519439439,58,BIND_NS,1
39.6544747653,11,SLIDE_RIGHT,1
39.6590382604,62,SLIDE_LEFT,1
39.6909660048,12,SLIDE_LEFT,1
39.7289507664,42,BIND_NS,1
39.7289813334,77,BIND_NS,1
39.7329378742,12,BIND_NS,1
39.7353461718,55,BIND_NS,1
39.7376354855,48,BIND_NS,1
39.7423528914,77,UNBIND_NS,1
39.7434176349,29,SLIDE_RIGHT,1
39.7524555298,88,BIND_NS,1
39.7599944566,39,UNBIND_NS,1
39.7622084647,14,SLIDE_RIGHT,1
39.7653954355,98,SLIDE_RIGHT,1
39.7887048738,21,BIND_NS,1
39.7944985664,37,SLIDE_RIGHT,1
39.7987006268,41,SLIDE_LEFT,1
39.8101387795,26,SLIDE_RIGHT,1
39.8172629598,88,SLIDE_LEFT,1
39.8223094175,16,UNBIND_NS,1
39.8311695920,40,SLIDE_RIGHT,1
39.8423430297,80,SLIDE_RIGHT,1
39.8444089461,97,SLIDE_RIGHT,1
39.8476556314,61,UNBIND_NS,1
39.8871737122,63,UNBIND_NS,1
39.8978332798,10,SLIDE_LEFT,1
39.9015184543,15,SLIDE_RIGHT,1
39.9077575877,67,SLIDE_LEFT,1
39.9442458161,50,SLIDE_RIGHT,1
39.9481739576,63,BIND_NS,1
39.9622970833,79,SLIDE_LEFT,1
39.9673489569,9,UNBIND_NS,1
39.9942420653,42,SLIDE_RIGHT,1
40.0005175423,84,BIND_NS,1
40.0075698827,41,UNBIND_NS,1
40.0148855701,58,UNBIND_NS,1
40.0234510083,87,SLIDE_RIGHT,1
40.0263083252,51,UNBIND_NS,1
40.0321098461,16,UNBIND_NS,1
40.0443942917,63,UNBIND_NS,1
40.0490407020,3,SLIDE_RIGHT,1
40.0513446633,18,UNBIND_NS,1
40.0689342558,81,SLIDE_RIGHT,1
40.0734620303,99,UNBIND_NS,1
40.0834082525,34,SLIDE_RIGHT,1
40.0877758750,4,SLIDE_RIGHT,1
40.0916296698,60,UNBIND_NS,1
40.1092003430,66,SLIDE_LEFT,1
40.1156441276,11,SLIDE_LEFT,1
40.1204715685,25,SLIDE_LEFT,1
40.1246838355,12,SLIDE_LEFT,1
40.1271620065,99,BIND_NS,1
40.1278229576,88,SLIDE_LEFT,1
40.1332370594,41,BIND_NS,1
40.1334084263,19,SLIDE_LEFT,1
40.1441877447,8,UNBIND_NS,1
40.1552465205,88,BIND_NS,1
40.1562559660,72,BIND_NS,1
40.1690632305,24,SLIDE_LEFT,1
40.1708663398,75,UNBIND_NS,1
40.1792653472,21,SLIDE_LEFT,1
40.1792976765,92,SLIDE_RIGHT,1
40.1845371247,18,SLIDE_LEFT,1
40.1870756318,30,SLIDE_LEFT,1
40.1934230576,31,SLIDE_RIGHT,1
40.2090766135,82,UNBIND_NS,1
40.2119128106,98,SLIDE_LEFT,1
40.2146329413,20,SLIDE_RIGHT,1
40.2269296748,55,UNBIND_NS,1
40.2271694785,38,SLIDE_RIGHT,1
40.2381238525,48,UNBIND_NS,1
40.2431043555,87,SLIDE_LEFT,1
40.2463138916,40,BIND_NS,1
40.2598233287,78,SLIDE_LEFT,1
40.2604939860,88,SLIDE_RIGHT,1
40.2712149294,92,BIND_NS,1
40.2788799335,40,UNBIND_NS,1
40.2842019441,11,UNBIND_NS,1
40.2892208860,39,SLIDE_LEFT,1
40.3032284231,17,UNBIND_NS,1
40.3304604431,54,BIND_NS,1
40.3338088522,82,BIND_NS,1
40.3360007789,89,SLIDE_LEFT,1
40.3511204335,21,UNBIND_NS,1
40.3568221246,45,SLIDE_RIGHT,1
40.3673391227,29,SLIDE_RIGHT,1
40.3710927671,97,UNBIND_NS,1
40.3770017036,77,SLIDE_LEFT,1
40.3812905388,10,SLIDE_RIGHT,1
40.3858730685,59,SLIDE_LEFT,1
40.3924123040,88,UNBIND_NS,1
40.3928573419,86,SLIDE_LEFT,1
40.3952204692,72,SLIDE_LEFT,1
40.4004645825,38,SLIDE_RIGHT,1
40.4019585686,2,SLIDE_RIGHT,1
40.4110294855,58,SLIDE_RIGHT,1
40.4117588724,3,SLIDE_RIGHT,1
40.4143882174,68,BIND_NS,1
40.4234664699,82,SLIDE_RIGHT,1
40.4343192645,46,SLIDE_RIGHT,1
40.4375502079,97,BIND_NS,1
40.4388772021,57,UNBIND_NS,1
40.4401528751,88,BIND_NS,1
40.4447392978,74,BIND_NS,1
40.4503796116,88,SLIDE_LEFT,1
40.4550934826,36,BIND_NS,1
40.4644155768,74,UNBIND_NS,1
40.4833287266,59,SLIDE_RIGHT,1
40.4856793054,0,BIND_NS,1
40.5005268140,70,SLIDE_LEFT,1
40.5035196561,39,SLIDE_RIGHT,1
40.5166980158,65,SLIDE_RIGHT,1
40.5267656535,10,BIND_NS,1
40.5476905269,60,SLIDE_RIGHT,1
40.5477700300,35,SLIDE_LEFT,1
40.5493605129,18,BIND_NS,1
40.5505506644,41,SLIDE_RIGHT,1
40.5533756550,5,SLIDE_RIGHT,1
40.5656163267,4,SLIDE_RIGHT,1
40.5828744041,79,BIND_NS,1
40.5829905066,6,UNBIND_NS,1
40.5912470637,1,SLIDE_RIGHT,1
40.5967219926,68,SLIDE_LEFT,1
40.6145436838,61,SLIDE_LEFT,1
40.6158858324,52,BIND_NS,1
40.6295591115,52,SLIDE_LEFT,1
40.6321836615,40,SLIDE_LEFT,1
40.6322837501,71,SLIDE_LEFT,1
40.6343908820,79,SLIDE_LEFT,1
40.6528589258,39,SLIDE_RIGHT,1
40.6691571662,54,SLIDE_RIGHT,1
40.6781115855,48,BIND_NS,1
40.6781746776,83,SLIDE_LEFT,1
40.7006199057,40,SLIDE_LEFT,1
40.7106461671,11,UNBIND_NS,1
40.7148904927,18,SLIDE_LEFT,1
40.7202279574,58,BIND_NS,1
40.7234261892,2,SLIDE_RIGHT,1
40.7260959732,82,SLIDE_RIGHT,1
40.7279078428,3,SLIDE_RIGHT,1
40.7419475191,32,SLIDE_RIGHT,1
40.7445359849,39,UNBIND_NS,1
40.7520464125,17,SLIDE_LEFT,1
40.7537195583,96,SLIDE_LEFT,1
40.7562566184,36,SLIDE_RIGHT,1
40.7687223097,78,SLIDE_RIGHT,1
40.7714432513,95,SLIDE_LEFT,1
40.7734431996,30,SLIDE_RIGHT,1
40.7735069795,27,UNBIND_NS,1
40.7751516377,69,SLIDE_LEFT,1
40.7838736303,95,BIND_NS,1
40.8027332411,58,UNBIND_NS,1
40.8074578027,85,SLIDE_RIGHT,1
40.8098125924,56,UNBIND_NS,1
40.8383032296,33,SLIDE_LEFT,1
40.8579694661,83,SLIDE_LEFT,1
40.8624674477,55,SLIDE_RIGHT,1
40.8630234568,91,SLIDE_LEFT,1
40.8657326289,84,UNBIND_NS,1
40.8747192633,82,SLIDE_RIGHT,1
40.8773423305,83,SLIDE_RIGHT,1
40.8809669498,79,UNBIND_NS,1
40.8968231815,96,BIND_NS,1
40.8994390866,48,SLIDE_RIGHT,1
40.9011563623,34,SLIDE_LEFT,1
40.9068195489,86,SLIDE_LEFT,1
40.9102636865,23,SLIDE_RIGHT,1
40.9118485558,62,BIND_NS,1
40.9131899455,16,SLIDE_RIGHT,1
40.9232692908,70,UNBIND_NS,1
40.9257541090,47,SLIDE_LEFT,1
40.9338391273,71,BIND_NS,1
40.9479446799,66,SLIDE_LEFT,1
40.9481620316,85,SLIDE_RIGHT,1
40.9509636871,26,BIND_NS,1
40.9559088068,32,UNBIND_NS,1
40.9564833611,90,SLIDE_LEFT,1
40.9565839700,63,BIND_NS,1
40.9776229560,81,BIND_NS,1
40.9859053189,97,SLIDE_RIGHT,1
40.9904633158,51,SLIDE_LEFT,1
41.0059236939,0,SLIDE_RIGHT,1
41.0093089556,75,BIND_NS,1
41.0108648115,84,SLIDE_LEFT,1
41.0208658041,62,UNBIND_NS,1
41.0223165028,26,SLIDE_LEFT,1
41.0244325219,28,SLIDE_RIGHT,1
41.0346763742,96,SLIDE_RIGHT,1
41.0358094973,60,UNBIND_NS,1
41.0386730301,67,SLIDE_LEFT,1
41.0435675576,17,UNBIND_NS,1
41.0458109456,5,SLIDE_RIGHT,1
41.0483610749,89,SLIDE_LEFT,1
41.0500456636,4,SLIDE_RIGHT,1
41.0613639049,68,UNBIND_NS,1
41.0632424327,71,SLIDE_LEFT,1
41.0680870571,86,SLIDE_LEFT,1
41.0703216326,5,SLIDE_LEFT,1
41.0832235766,38,BIND_NS,1
41.0887321221,49,SLIDE_LEFT,1
41.0993097994,66,SLIDE_RIGHT,1
41.1032007471,95,UNBIND_NS,1
41.1038891255,48,UNBIND_NS,1
41.1053796203,87,SLIDE_LEFT,1
41.1056347056,1,SLIDE_RIGHT,1
41.1065502158,6,SLIDE_RIGHT,1
41.1079828243,79,BIND_NS,1
41.1091752781,43,SLIDE_RIGHT,1
41.1107386106,63,SLIDE_LEFT,1
41.1115804503,42,SLIDE_RIGHT,1
41.1124981727,33,SLIDE_RIGHT,1
41.1140023027,29,SLIDE_RIGHT,1
41.1140466641,30,SLIDE_LEFT,1
41.1272939760,44,UNBIND_NS,1
41.1314415439,88,SLIDE_LEFT,1
41.1318354154,46,SLIDE_RIGHT,1
41.1396849552,87,SLIDE_RIGHT,1
41.1419109120,50,SLIDE_RIGHT,1
41.1428324142,67,SLIDE_RIGHT,1
41.1594261684,70,UNBIND_NS,1
41.1659439785,4,SLIDE_LEFT,1
41.1704646347,93,UNBIND_NS,1
41.1817779177,56,SLIDE_RIGHT,1
41.1927363967,81,SLIDE_RIGHT,1
41.1931706253,57,SLIDE_LEFT,1
41.1978463273,31,SLIDE_RIGHT,1
41.2127485014,76,UNBIND_NS,1
41.2220823491,85,SLIDE_LEFT,1
41.2254590658,96,BIND_NS,1
41.2570246526,92,SLIDE_LEFT,1
41.2674081352,14,BIND_NS,1
41.2750469537,75,SLIDE_LEFT,1
41.2829407336,29,SLIDE_LEFT,1
41.2852050104,82,SLIDE_LEFT,1
41.2866295068,55,BIND_NS,1
41.2869006271,25,SLIDE_RIGHT,1
41.2883925211,38,SLIDE_RIGHT,1
41.2887743700,74,SLIDE_LEFT,1
41.2958887360,7,SLIDE_RIGHT,1
41.3017858068,28,UNBIND_NS,1
41.3070851050,65,SLIDE_RIGHT,1
41.3090821444,97,UNBIND_NS,1
41.3237055306,47,UNBIND_NS,1
41.3264646460,32,SLIDE_RIGHT,1
41.3302378866,21,BIND_NS,1
41.3354866136,96,UNBIND_NS,1
41.3384135625,39,SLIDE_RIGHT,1
41.3480523899,85,BIND_NS,1
41.3528462204,91,SLIDE_RIGHT,1
41.3547389064,20,BIND_NS,1
41.3673859818,66,SLIDE_RIGHT,1
41.3713614028,37,SLIDE_LEFT,1
41.3742640468,98,SLIDE_LEFT,1
41.3793557636,26,SLIDE_RIGHT,1
41.4028586402,8,SLIDE_RIGHT,1
41.4081747994,99,UNBIND_NS,1
41.4114115229,83,SLIDE_LEFT,1
41.4204524387,80,BIND_NS,1
41.4317870752,62,SLIDE_LEFT,1
41.4333686064,83,BIND_NS,1
41.4409198418,40,SLIDE_RIGHT,1
41.4589566032,86,SLIDE_RIGHT,1
41.4692944326,53,BIND_NS,1
41.4769057603,53,SLIDE_RIGHT,1
41.4828664472,41,SLIDE_RIGHT,1
41.4849221507,92,UNBIND_NS,1
41.4851315423,42,SLIDE_LEFT,1
41.4966332572,94,SLIDE_RIGHT,1
41.4973706384,73,SLIDE_RIGHT,1
41.5172930321,27,SLIDE_RIGHT,1
41.5195793890,24,SLIDE_RIGHT,1
41.5414098091,25,SLIDE_RIGHT,1
41.5496954559,41,SLIDE_RIGHT,1
41.5520789351,8,BIND_NS,1
41.5658263137,14,SLIDE_RIGHT,1
41.5824653113,64,BIND_NS,1
41.5837999626,79,SLIDE_LEFT,1
41.5899712367,78,SLIDE_LEFT,1
41.5904686243,33,SLIDE_LEFT,1
41.6039848255,49,BIND_NS,1
41.6097640589,97,SLIDE_LEFT,1
41.6104530370,22,UNBIND_NS,1
41.6129950059,3,UNBIND_NS,1
41.6208613350,61,SLIDE_LEFT,1
41.6222634352,36,SLIDE_RIGHT,1
41.6342061242,88,SLIDE_RIGHT,1
41.6351173368,4,BIND_NS,1
41.6428456403,50,BIND_NS,1
41.6443579607,28,SLIDE_RIGHT,1
41.6469058549,34,SLIDE_LEFT,1
41.6521221801,54,SLIDE_LEFT,1
41.6580188732,43,SLIDE_RIGHT,1
41.6612847780,93,BIND_NS,1
41.6653955592,2,SLIDE_LEFT,1
41.6690237652,80,UNBIND_NS,1
41.6710923681,26,SLIDE_LEFT,1
41.6731558827,74,SLIDE_LEFT,1
41.6766284039,43,BIND_NS,1
41.6783533756,37,SLIDE_LEFT,1
41.6819830420,89,UNBIND_NS,1
41.6823675586,60,SLIDE_LEFT,1
41.6893455845,4,SLIDE_LEFT,1
41.6929533867,21,UNBIND_NS,1
41.6947795637,45,BIND_NS,1
41.7166623226,78,BIND_NS,1
41.7187902942,53,SLIDE_RIGHT,1
41.7363909843,17,BIND_NS,1
41.7419356740,77,SLIDE_LEFT,1
41.7522278689,3,SLIDE_RIGHT,1
41.7532622245,33,SLIDE_RIGHT,1
41.7558100587,68,SLIDE_RIGHT,1
41.7687066969,36,SLIDE_RIGHT,1
41.7723557234,78,SLIDE_RIGHT,1
41.7760471841,99,BIND_NS,1
41.7779947504,45,SLIDE_RIGHT,1
41.7781917090,76,UNBIND_NS,1
41.7833475658,1,SLIDE_RIGHT,1
41.7858990140,15,SLIDE_RIGHT,1
41.7868125157,4,SLIDE_RIGHT,1
41.7907428933,0,BIND_NS,1
41.7954565358,81,UNBIND_NS,1
41.7973276865,16,UNBIND_NS,1
41.8113586453,3,BIND_NS,1
41.8129352085,99,SLIDE_LEFT,1
41.8148996246,98,SLIDE_LEFT,1
41.8179377129,20,UNBIND_NS,1
41.8195689339,44,SLIDE_RIGHT,1
41.8254291897,64,SLIDE_LEFT,1
41.8348025812,0,UNBIND_NS,1
41.8418380298,93,SLIDE_RIGHT,1
41.8456343384,4,BIND_NS,1
41.8473252082,10,SLIDE_RIGHT,1
41.8528052478,42,SLIDE_LEFT,1
41.8690618304,43,UNBIND_NS,1
41.8713051798,34,SLIDE_RIGHT,1
41.8731017453,25,SLIDE_LEFT,1
41.8756211357,69,SLIDE_LEFT,1
41.8831585938,2,UNBIND_NS,1
41.8855509895,46,SLIDE_RIGHT,1
41.8916097277,53,BIND_NS,1
41.9011024735,41,SLIDE_LEFT,1
41.9077335516,62,BIND_NS,1
41.9119900113,68,SLIDE_RIGHT,1
41.9284503048,43,BIND_NS,1
41.9392344358,26,BIND_NS,1
41.9430267096,8,SLIDE_LEFT,1
41.9431257955,11,SLIDE_RIGHT,1
41.9537265540,87,SLIDE_LEFT,1
41.9587416136,12,SLIDE_LEFT,1
41.9928593395,24,SLIDE_LEFT,1
41.9937068084,82,SLIDE_LEFT,1
41.9954177127,59,SLIDE_RIGHT,1
41.9956642584,63,SLIDE_RIGHT,1
42.0080271771,26,SLIDE_RIGHT,1
42.0146391727,27,UNBIND_NS,1
42.0157953282,79,SLIDE_RIGHT,1
42.0307435810,69,SLIDE_LEFT,1
42.0519906434,43,UNBIND_NS,1
42.0604471306,70,BIND_NS,1
42.0660413195,60,SLIDE_RIGHT,1
42.0721800470,70,UNBIND_NS,1
42.0742673325,45,SLIDE_RIGHT,1
42.0780262346,91,BIND_NS,1
42.0888291105,64,SLIDE_LEFT,1
42.1006901959,3,UNBIND_NS,1
42.1136389184,94,UNBIND_NS,1
42.1497679853,32,SLIDE_RIGHT,1
42.1528938134,56,SLIDE_RIGHT,1
42.1547146670,33,SLIDE_LEFT,1
42.1555666642,47,SLIDE_RIGHT,1
42.1627509101,63,SLIDE_RIGHT,1
42.1687363426,95,SLIDE_LEFT,1
42.1855069591,83,SLIDE_LEFT,1
42.1858257522,63,BIND_NS,1
42.1953896837,62,UNBIND_NS,1
42.2015509116,73,UNBIND_NS,1
42.2025931328,40,SLIDE_LEFT,1
42.2096362578,6,BIND_NS,1
42.2123976809,39,SLIDE_LEFT,1
42.2243374149,17,UNBIND_NS,1
42.2361239544,6,UNBIND_NS,1
42.2606066914,20,BIND_NS,1
42.2706053655,20,UNBIND_NS,1
42.3084088352,4,UNBIND_NS,1
42.3094628073,61,SLIDE_RIGHT,1
42.3156776641,35,SLIDE_RIGHT,1
42.3159042552,86,UNBIND_NS,1
42.3167701889,96,SLIDE_LEFT,1
42.3174851140,97,SLIDE_LEFT,1
42.3213919847,51,UNBIND_NS,1
42.3333113741,80,UNBIND_NS,1
42.3367151272,23,SLIDE_RIGHT,1
42.3493657081,59,BIND_NS,1
42.3547232366,29,UNBIND_NS,1
42.3556693479,92,BIND_NS,1
42.3567541021,12,BIND_NS,1
42.3574811295,48,UNBIND_NS,1
42.3657885920,5,UNBIND_NS,1
42.3749856877,50,SLIDE_RIGHT,1
42.3772112903,52,BIND_NS,1
42.3782794165,18,BIND_NS,1
42.3848452071,57,SLIDE_LEFT,1
42.3938909864,11,SLIDE_LEFT,1
42.4035767654,95,UNBIND_NS,1
42.4109218239,94,UNBIND_NS,1
42.4162443105,16,BIND_NS,1
42.4164248167,19,BIND_NS,1
42.4178684893,85,UNBIND_NS,1
42.4217165738,64,SLIDE_RIGHT,1
42.4248216560,38,SLIDE_RIGHT,1
42.4248801063,49,SLIDE_LEFT,1
42.4344382613,23,BIND_NS,1
42.4394495916,37,SLIDE_RIGHT,1
42.4449733095,51,SLIDE_LEFT,1
42.4578215389,38,SLIDE_LEFT,1
42.4649956189,9,SLIDE_LEFT,1
42.4729564432,73,BIND_NS,1
42.4852670709,69,BIND_NS,1
42.4875094719,50,SLIDE_RIGHT,1
42.5036008389,10,SLIDE_LEFT,1
42.5037037321,5,BIND_NS,1
42.5117755751,32,SLIDE_LEFT,1
42.5153761148,36,SLIDE_LEFT,1
42.5248482689,37,SLIDE_LEFT,1
42.5274946259,56,SLIDE_RIGHT,1
42.5282029022,24,UNBIND_NS,1
42.5391973176,73,SLIDE_RIGHT,1
42.5447710848,51,SLIDE_LEFT,1
42.5484907206,81,SLIDE_LEFT,1
42.5564813882,23,SLIDE_RIGHT,1
42.5579423105,80,SLIDE_RIGHT,1
42.5925240656,97,BIND_NS,1
42.5961920939,12,SLIDE_RIGHT,1
42.6112172499,95,BIND_NS,1
42.6246560617,27,BIND_NS,1
42.6316348192,86,BIND_NS,1
42.6366707633,69,SLIDE_RIGHT,1
42.6377879512,97,UNBIND_NS,1
42.6508233323,65,SLIDE_LEFT,1
42.6541065662,70,SLIDE_LEFT,1
42.6649438100,24,SLIDE_LEFT,1
42.6705318371,57,SLIDE_LEFT,1
42.6728227396,31,UNBIND_NS,1
42.6735758997,84,SLIDE_LEFT,1
42.6766602243,83,SLIDE_RIGHT,1
42.6803640412,64,SLIDE_RIGHT,1
42.6856672529,46,SLIDE_RIGHT,1
42.6887688883,24,BIND_NS,1
42.6993462763,57,BIND_NS,1
42.7018278493,91,UNBIND_NS,1
42.7116750465,5,SLIDE_LEFT,1
42.7415027191,67,SLIDE_LEFT,1
42.7639821269,24,SLIDE_RIGHT,1
42.7696841153,42,BIND_NS,1
42.7794163055,79,BIND_NS,1
42.7804325398,9,SLIDE_RIGHT,1
42.7903489430,16,SLIDE_RIGHT,1
42.7920460362,68,SLIDE_LEFT,1
42.7987351522,69,UNBIND_NS,1
42.7988991320,74,SLIDE_LEFT,1
42.8070384041,50,SLIDE_RIGHT,1
42.8072122757,18,UNBIND_NS,1
42.8194494266,81,UNBIND_NS,1
42.8255465768,82,SLIDE_RIGHT,1
42.8330592000,23,SLIDE_LEFT,1
42.8402874670,59,SLIDE_LEFT,1
42.8474493210,14,BIND_NS,1
42.8500009691,27,SLIDE_LEFT,1
42.8503364052,62,UNBIND_NS,1
42.8568771514,48,UNBIND_NS,1
42.8674135865,51,SLIDE_LEFT,1
42.8691910397,20,BIND_NS,1
42.8697639097,50,SLIDE_RIGHT,1
42.8836408296,39,UNBIND_NS,1
42.8919344206,54,UNBIND_NS,1
42.9028604821,82,BIND_NS,1
42.9081440793,10,SLIDE_LEFT,1
42.9191076315,28,BIND_NS,1
42.9310609181,63,SLIDE_LEFT,1
42.9333099012,9,SLIDE_RIGHT,1
42.9362296853,10,SLIDE_RIGHT,1
42.9526615649,8,SLIDE_RIGHT,1
42.9572345248,13,SLIDE_LEFT,1
42.9579035093,20,SLIDE_RIGHT,1
42.9637768876,96,SLIDE_RIGHT,1
42.9701068807,67,UNBIND_NS,1
42.9742681218,73,SLIDE_RIGHT,1
42.9745469489,99,BIND_NS,1
42.9919445611,43,BIND_NS,1
43.0035429011,42,SLIDE_LEFT,1
43.0093803644,66,SLIDE_RIGHT,1
43.0141286356,67,SLIDE_LEFT,1
43.0146661310,79,SLIDE_LEFT,1
43.0155352662,50,BIND_NS,1
43.0194751637,7,SLIDE_RIGHT,1
43.0268373380,12,UNBIND_NS,1
43.0355700140,58,SLIDE_RIGHT,1
43.0414962195,59,SLIDE_LEFT,1
43.0425304814,19,SLIDE_LEFT,1
43.0626442595,94,BIND_NS,1
43.0627590234,43,SLIDE_RIGHT,1
43.0665023690,36,SLIDE_RIGHT,1
43.0703720111,25,SLIDE_LEFT,1
43.0710383898,37,SLIDE_RIGHT,1
43.0852870794,16,BIND_NS,1
43.0976433573,4,SLIDE_LEFT,1
43.1026618015,50,SLIDE_LEFT,1
43.1032377552,38,SLIDE_RIGHT,1
43.1165988480,41,SLIDE_RIGHT,1
43.1183624392,69,BIND_NS,1
43.1214057057,42,SLIDE_LEFT,1
43.1233421658,41,SLIDE_LEFT,1
43.1306335531,92,SLIDE_RIGHT,1
43.1510143364,97,SLIDE_LEFT,1
43.1632295283,64,BIND_NS,1
43.1697768646,30,BIND_NS,1
43.1939921819,45,BIND_NS,1
43.1992280145,78,UNBIND_NS,1
43.2110472002,45,SLIDE_RIGHT,1
43.2113943927,82,UNBIND_NS,1
43.2142930446,47,UNBIND_NS,1
43.2204191425,57,UNBIND_NS,1
43.2355627754,28,UNBIND_NS,1
43.2499750769,11,SLIDE_LEFT,1
43.2527769409,95,UNBIND_NS,1
43.2609190881,44,SLIDE_RIGHT,1
43.2637628055,86,UNBIND_NS,1
43.2656901524,74,SLIDE_LEFT,1
43.2715508812,66,UNBIND_NS,1
43.2726330112,73,SLIDE_LEFT,1
43.2870685939,49,SLIDE_LEFT,1
43.3019058797,26,SLIDE_RIGHT,1
43.3104189882,8,SLIDE_LEFT,1
43.3125835763,83,SLIDE_LEFT,1
43.3225923499,99,SLIDE_LEFT,1
43.3318918302,35,SLIDE_LEFT,1
43.3338769683,30,SLIDE_LEFT,1
43.3411134810,9,UNBIND_NS,1
43.3412575121,94,UNBIND_NS,1
43.3678499629,66,BIND_NS,1
43.3773817945,95,BIND_NS,1
43.3844097336,84,SLIDE_LEFT,1
43.4019627792,10,SLIDE_RIGHT,1
43.4127279030,84,BIND_NS,1
43.4161362069,7,SLIDE_RIGHT,1
43.4161670260,54,BIND_NS,1
43.4274846790,11,SLIDE_LEFT,1
43.4329549338,82,SLIDE_LEFT,1
43.4344884184,24,SLIDE_LEFT,1
43.4452143632,93,SLIDE_LEFT,1
43.4625533949,58,SLIDE_LEFT,1
43.4709696819,96,SLIDE_RIGHT,1
43.4724609989,23,SLIDE_RIGHT,1
43.4772973682,23,BIND_NS,1
43.4861670198,71,BIND_NS,1
43.4887188798,81,SLIDE_LEFT,1
43.4918376869,45,UNBIND_NS,1
43.4980333447,3,SLIDE_RIGHT,1
43.5026006556,14,SLIDE_RIGHT,1
43.5071048574,48,UNBIND_NS,1
43.5096860521,64,SLIDE_LEFT,1
43.5106453284,8,UNBIND_NS,1
43.5165111439,69,SLIDE_LEFT,1
43.5260380083,21,SLIDE_LEFT,1
43.5451045708,63,SLIDE_RIGHT,1
43.5687429171,68,SLIDE_LEFT,1
43.5712137100,67,UNBIND_NS,1
43.5795554529,4,SLIDE_LEFT,1
43.5843091081,33,BIND_NS,1
43.5859305963,62,UNBIND_NS,1
43.6009902388,10,SLIDE_LEFT,1
43.6037985712,18,SLIDE_RIGHT,1
43.6132730567,15,UNBIND_NS,1
43.6138176465,63,BIND_NS,1
43.6180465394,98,SLIDE_RIGHT,1
43.6288534681,52,UNBIND_NS,1
43.6335270212,93,BIND_NS,1
43.6430841078,60,BIND_NS,1
43.6459360762,99,UNBIND_NS,1
43.6483991848,32,BIND_NS,1
43.6530177405,57,SLIDE_RIGHT,1
43.6538883111,83,SLIDE_LEFT,1
43.6652924483,72,SLIDE_RIGHT,1
43.6727207057,40,SLIDE_RIGHT,1
43.6827472694,20,SLIDE_RIGHT,1
43.6849972173,41,SLIDE_LEFT,1
43.6968752850,40,UNBIND_NS,1
43.7195844875,24,UNBIND_NS,1
43.7316706126,51,SLIDE_RIGHT,1
43.7400616786,39,SLIDE_RIGHT,1
43.7512083431,97,SLIDE_LEFT,1
43.7569520082,82,SLIDE_LEFT,1
43.7776477725,9,SLIDE_RIGHT,1
43.7932417008,56,UNBIND_NS,1
43.7983114443,10,SLIDE_RIGHT,1
43.7984105933,16,SLIDE_LEFT,1
43.8134466950,73,UNBIND_NS,1
43.8206061997,15,UNBIND_NS,1
43.8211724709,17,SLIDE_RIGHT,1
43.8276283204,19,SLIDE_RIGHT,1
43.8298424962,27,SLIDE_RIGHT,1
43.8498294167,51,BIND_NS,1
43.8515482471,58,SLIDE_LEFT,1
43.8588091938,34,SLIDE_RIGHT,1
43.8597316982,64,UNBIND_NS,1
43.8633840148,55,SLIDE_RIGHT,1
43.8682823227,35,SLIDE_RIGHT,1
43.8860151440,63,SLIDE_LEFT,1
43.8985397218,46,SLIDE_RIGHT,1
43.9088093494,47,UNBIND_NS,1
43.9139733839,20,SLIDE_LEFT,1
43.9180305002,60,SLIDE_RIGHT,1
43.9200745030,95,SLIDE_LEFT,1
43.9278341440,28,SLIDE_LEFT,1
43.9282284794,40,SLIDE_RIGHT,1
43.9341654691,71,SLIDE_RIGHT,1
43.9420635696,28,BIND_NS,1
43.9428352217,65,SLIDE_LEFT,1
43.9489515034,96,SLIDE_LEFT,1
43.9506873191,54,UNBIND_NS,1
43.9624674171,3,SLIDE_RIGHT,1
43.9691577188,23,SLIDE_RIGHT,1
43.9733495657,67,BIND_NS,1
43.9741749240,95,SLIDE_RIGHT,1
43.9756693616,56,SLIDE_LEFT,1
43.9822453065,32,SLIDE_LEFT,1
43.9834130140,72,SLIDE_LEFT,1
43.9857122432,55,SLIDE_LEFT,1
43.9954967183,23,BIND_NS,1
43.9993148893,27,SLIDE_LEFT,1
44.0015781821,66,SLIDE_LEFT,1
44.0034338569,81,SLIDE_RIGHT,1
44.0095630382,28,SLIDE_LEFT,1
44.0152328825,57,UNBIND_NS,1
44.0193157954,29,SLIDE_RIGHT,1
44.0228783515,94,SLIDE_RIGHT,1
44.0377670818,13,BIND_NS,1
44.0377941570,18,SLIDE_LEFT,1
44.0393787870,62,SLIDE_RIGHT,1
44.0477511497,19,SLIDE_RIGHT,1
44.0478769184,95,SLIDE_LEFT,1
44.0512612755,17,SLIDE_RIGHT,1
44.0570301201,33,UNBIND_NS,1
44.0614091767,41,SLIDE_RIGHT,1
44.0997489722,0,BIND_NS,1
44.1140597964,27,SLIDE_RIGHT,1
44.1145078091,13,SLIDE_RIGHT,1
44.1163500702,71,SLIDE_RIGHT,1
44.1178056453,45,BIND_NS,1
44.1212039128,28,SLIDE_LEFT,1
44.1270218266,35,BIND_NS,1
44.1291092549,21,UNBIND_NS,1
44.1318084323,94,SLIDE_RIGHT,1
44.1319429231,4,SLIDE_LEFT,1
44.1329719620,1,BIND_NS,1
44.1348746194,96,UNBIND_NS,1
44.1365157804,80,UNBIND_NS,1
44.1436850270,37,BIND_NS,1
44.1615711124,93,UNBIND_NS,1
44.1856024253,95,SLIDE_RIGHT,1
44.1864098276,84,SLIDE_RIGHT,1
44.1981743497,27,SLIDE_RIGHT,1
44.2001516521,61,SLIDE_RIGHT,1
44.2085584741,82,UNBIND_NS,1
44.2093588112,7,BIND_NS,1
44.2142099490,85,SLIDE_LEFT,1
44.2182904670,20,SLIDE_LEFT,1
44.2288115108,15,BIND_NS,1
44.2328407925,37,SLIDE_RIGHT,1
44.2336883993,7,SLIDE_LEFT,1
44.2474361043,67,SLIDE_RIGHT,1
44.2512061683,54,SLIDE_RIGHT,1
44.2677599896,51,SLIDE_LEFT,1
44.2694366517,45,SLIDE_LEFT,1
44.2696916041,30,SLIDE_LEFT,1
44.2846336518,42,SLIDE_RIGHT,1
44.2905481127,1,UNBIND_NS,1
44.3003838721,82,BIND_NS,1
44.3061662619,6,SLIDE_LEFT,1
44.3148018366,65,UNBIND_NS,1
44.3164787720,41,BIND_NS,1
44.3205758817,72,UNBIND_NS,1
44.3249555630,61,BIND_NS,1
44.3400651965,44,SLIDE_RIGHT,1
44.3447130098,18,SLIDE_LEFT,1
44.3457699621,37,BIND_NS,1
44.3484382413,43,SLIDE_RIGHT,1
44.3512909021,61,SLIDE_LEFT,1
44.3611450372,45,SLIDE_RIGHT,1
44.3683583564,60,SLIDE_RIGHT,1
44.3723607349,52,UNBIND_NS,1
44.3723719150,61,SLIDE_LEFT,1
44.3875964500,19,SLIDE_RIGHT,1
44.3920502157,3,UNBIND_NS,1
44.3923041721,24,SLIDE_RIGHT,1
44.3939443571,28,SLIDE_LEFT,1
44.4101616326,11,SLIDE_RIGHT,1
44.4118599622,29,SLIDE_RIGHT,1
44.4137980916,0,SLIDE_RIGHT,1
44.4138286637,28,BIND_NS,1
44.4141141389,38,SLIDE_RIGHT,1
44.4153194271,1,SLIDE_LEFT,1
44.4176427616,5,SLIDE_LEFT,1
44.4206121590,22,SLIDE_LEFT,1
44.4235879968,12,SLIDE_LEFT,1
44.4237498853,84,SLIDE_LEFT,1
44.4277422576,44,SLIDE_LEFT,1
44.4302997912,92,SLIDE_LEFT,1
44.4526957862,21,SLIDE_RIGHT,1
44.4591354924,46,SLIDE_LEFT,1
44.4642380784,71,BIND_NS,1
44.4861776324,63,UNBIND_NS,1
44.4984871700,80,BIND_NS,1
44.5134308982,60,SLIDE_RIGHT,1
44.5173040134,17,SLIDE_RIGHT,1
44.5197841687,55,SLIDE_RIGHT,1
44.5239975944,91,SLIDE_RIGHT,1
44.5304485869,61,SLIDE_LEFT,1
44.5316423805,60,UNBIND_NS,1
44.5497254273,23,SLIDE_RIGHT,1
44.5511556270,30,SLIDE_LEFT,1
44.5513996078,6,BIND_NS,1
44.5539870191,19,BIND_NS,1
44.5548137922,56,SLIDE_LEFT,1
44.5577609659,32,BIND_NS,1
44.5678340784,55,UNBIND_NS,1
44.5702283676,14,SLIDE_LEFT,1
44.5732533119,93,BIND_NS,1
44.5741946782,68,UNBIND_NS,1
44.5742148078,37,SLIDE_RIGHT,1
44.5765376542,71,SLIDE_LEFT,1
44.5819018457,50,SLIDE_LEFT,1
44.5889261707,49,SLIDE_RIGHT,1
44.5936934241,50,SLIDE_RIGHT,1
44.5984377122,62,SLIDE_LEFT,1
44.6056232530,20,SLIDE_RIGHT,1
44.6123203171,31,SLIDE_LEFT,1
44.6154419472,79,BIND_NS,1
44.6362690588,96,SLIDE_RIGHT,1
44.6376772235,43,UNBIND_NS,1
44.6378853371,15,SLIDE_RIGHT,1
44.6511392871,88,BIND_NS,1
44.6536856930,36,SLIDE_RIGHT,1
44.6539326505,27,UNBIND_NS,1
44.6599650314,22,UNBIND_NS,1
44.6683669631,92,SLIDE_LEFT,1
44.6711365299,32,UNBIND_NS,1
44.6788778117,68,BIND_NS,1
44.6874660302,93,SLIDE_RIGHT,1
44.6881461032,21,SLIDE_RIGHT,1
44.6884381932,11,SLIDE_RIGHT,1
44.6896270472,16,SLIDE_RIGHT,1
44.6985168850,52,BIND_NS,1
44.6993391522,22,SLIDE_RIGHT,1
44.7068445284,28,SLIDE_LEFT,1
44.7098218236,79,SLIDE_LEFT,1
44.7309294246,11,BIND_NS,1
44.7329783691,68,SLIDE_LEFT,1
44.7352465140,37,SLIDE_LEFT,1
44.7558007490,58,BIND_NS,1
44.7567867077,11,SLIDE_LEFT,1
44.7577297786,80,SLIDE_RIGHT,1
44.7628911116,4,SLIDE_RIGHT,1
44.7695755511,23,UNBIND_NS,1
44.7701456758,21,BIND_NS,1
44.7879601493,64,SLIDE_LEFT,1
44.7955934542,17,SLIDE_LEFT,1
44.8165779839,10,SLIDE_RIGHT,1
44.8197675550,56,BIND_NS,1
44.8208169659,36,SLIDE_RIGHT,1
44.8539428263,41,UNBIND_NS,1
44.8630942748,5,SLIDE_LEFT,1
44.8836928253,0,SLIDE_RIGHT,1
44.8841150266,78,SLIDE_RIGHT,1
44.8968127645,19,SLIDE_RIGHT,1
44.8981073888,24,SLIDE_LEFT,1
44.9083273437,11,SLIDE_LEFT,1
44.9112961689,6,UNBIND_NS,1
44.9155461577,18,SLIDE_RIGHT,1
44.9171573838,6,BIND_NS,1
44.9173992311,25,SLIDE_LEFT,1
44.9186157132,70,UNBIND_NS,1
44.9223435054,39,SLIDE_RIGHT,1
44.9248733408,21,UNBIND_NS,1
44.9275244813,36,BIND_NS,1
44.9308963835,94,SLIDE_LEFT,1
44.9611554090,45,SLIDE_LEFT,1
44.9704128479,30,SLIDE_RIGHT,1
44.9725876742,18,BIND_NS,1
44.9755208780,44,SLIDE_RIGHT,1
44.9797362630,58,SLIDE_RIGHT,1
44.9886614397,25,BIND_NS,1
45.0093254107,38,UNBIND_NS,1
45.0107890588,61,SLIDE_RIGHT,1
45.0186799650,88,SLIDE_RIGHT,1
45.0204988570,91,SLIDE_LEFT,1
45.0276352985,66,BIND_NS,1
45.0293343456,31,SLIDE_RIGHT,1
45.0341947380,93,SLIDE_LEFT,1
45.0406879927,96,BIND_NS,1
45.0483380463,27,SLIDE_RIGHT,1
45.0532040135,59,SLIDE_RIGHT,1
45.0562053655,16,SLIDE_RIGHT,1
45.0567754115,52,UNBIND_NS,1
45.0592551618,4,SLIDE_RIGHT,1
45.0756777876,12,SLIDE_LEFT,1
45.0803768444,71,BIND_NS,1
45.0932204180,79,SLIDE_LEFT,1
45.0963974639,20,UNBIND_NS,1
45.0964157083,53,UNBIND_NS,1
45.1037526498,11,UNBIND_NS,1
45.1076617469,45,SLIDE_RIGHT,1
45.1140771045,3,BIND_NS,1
45.1161343088,78,SLIDE_RIGHT,1
45.1285901130,3,SLIDE_LEFT,1
45.1316264939,79,SLIDE_LEFT,1
45.1382752423,1,SLIDE_LEFT,1
45.1596456674,60,SLIDE_RIGHT,1
45.1606160496,92,SLIDE_LEFT,1
45.1625414240,51,UNBIND_NS,1
45.1747700436,2,UNBIND_NS,1
45.1914997894,59,BIND_NS,1
45.1945759594,35,SLIDE_LEFT,1
45.1995050378,34,SLIDE_RIGHT,1
45.2000331230,56,SLIDE_LEFT,1
45.2012171853,0,UNBIND_NS,1
45.2119938584,59,SLIDE_LEFT,1
45.2140434744,10,SLIDE_LEFT,1
45.2297193460,67,SLIDE_RIGHT,1
45.2386543533,17,SLIDE_LEFT,1
45.2428458479,32,SLIDE_LEFT,1
45.2467355274,94,BIND_NS,1
45.2490165613,66,SLIDE_LEFT,1
45.2586561081,66,BIND_NS,1
45.2608152315,78,SLIDE_LEFT,1
45.2613455077,48,BIND_NS,1
45.2649049189,12,BIND_NS,1
45.2683120151,55,SLIDE_LEFT,1
45.2827773104,20,BIND_NS,1
45.2835644223,46,SLIDE_RIGHT,1
45.2854651888,31,UNBIND_NS,1
45.2933133590,54,SLIDE_RIGHT,1
45.2993107279,52,BIND_NS,1
45.3035973042,16,SLIDE_RIGHT,1
45.3045515054,61,SLIDE_LEFT,1
45.3072147393,55,SLIDE_LEFT,1
45.3553831639,47,UNBIND_NS,1
45.3649211174,1,BIND_NS,1
45.3741216428,32,BIND_NS,1
45.3865040947,62,UNBIND_NS,1
45.3944303736,1,SLIDE_RIGHT,1
45.4022730286,48,SLIDE_LEFT,1
45.4053425219,65,SLIDE_LEFT,1
45.4093224652,47,SLIDE_RIGHT,1
45.4175219408,58,UNBIND_NS,1
45.4185162141,71,SLIDE_RIGHT,1
45.4242718581,29,SLIDE_RIGHT,1
45.4270298030,14,BIND_NS,1
45.4301574014,97,SLIDE_RIGHT,1
45.4410199310,61,BIND_NS,1
45.4415384214,20,SLIDE_RIGHT,1
45.4456594360,32,SLIDE_RIGHT,1
45.4459408143,66,SLIDE_LEFT,1
45.4482604821,19,UNBIND_NS,1
45.4645473733,9,SLIDE_RIGHT,1
45.4671752954,90,UNBIND_NS,1
45.4673191619,52,SLIDE_LEFT,1
45.4865170459,48,SLIDE_LEFT,1
45.4904059842,89,UNBIND_NS,1
45.4959566095,77,SLIDE_RIGHT,1
45.4985293025,33,SLIDE_LEFT,1
45.4994955696,14,SLIDE_RIGHT,1
45.5013593215,60,SLIDE_LEFT,1
45.5048141728,81,UNBIND_NS,1
45.5069077039,54,SLIDE_RIGHT,1
45.5072678014,35,SLIDE_LEFT,1
45.5119818810,13,SLIDE_RIGHT,1
45.5123396671,91,SLIDE_RIGHT,1
45.5193297911,26,SLIDE_RIGHT,1
45.5220139882,24,UNBIND_NS,1
45.5273058999,78,SLIDE_LEFT,1
45.5324952449,28,SLIDE_RIGHT,1
45.5326081587,10,UNBIND_NS,1
45.5336048866,92,SLIDE_LEFT,1
45.5344142813,65,SLIDE_RIGHT,1
45.5357957048,30,SLIDE_RIGHT,1
45.5384716866,96,SLIDE_RIGHT,1
45.5426267769,94,UNBIND_NS,1
45.5487687404,72,SLIDE_RIGHT,1
45.5580336930,34,SLIDE_RIGHT,1
45.5601182314,54,BIND_NS,1
45.5679296236,47,SLIDE_LEFT,1
45.5726950981,89,BIND_NS,1
45.5994639411,91,SLIDE_RIGHT,1
45.6108818267,5,SLIDE_LEFT,1
45.6300444077,29,SLIDE_LEFT,1
45.6311813229,23,UNBIND_NS,1
45.6331010988,17,SLIDE_LEFT,1
45.6336333863,61,SLIDE_LEFT,1
45.6432053153,74,BIND_NS,1
45.6494015018,30,BIND_NS,1
45.6531927444,37,SLIDE_RIGHT,1
45.6655654684,25,SLIDE_RIGHT,1
45.6677061599,99,BIND_NS,1
45.6723278336,54,UNBIND_NS,1
45.6755297018,89,SLIDE_LEFT,1
45.6824534336,51,SLIDE_RIGHT,1
45.6857993407,4,SLIDE_RIGHT,1
45.6960054932,68,SLIDE_RIGHT,1
45.7135868528,14,UNBIND_NS,1
45.7162810380,30,SLIDE_LEFT,1
45.7195725199,46,SLIDE_LEFT,1
45.7322798654,27,UNBIND_NS,1
45.7374850479,54,BIND_NS,1
45.7517395277,77,SLIDE_RIGHT,1
45.7770700518,92,SLIDE_RIGHT,1
45.7812339846,59,SLIDE_LEFT,1
45.7812516527,16,UNBIND_NS,1
45.7813871687,60,SLIDE_LEFT,1
45.7889416179,69,SLIDE_RIGHT,1
45.7904162203,40,UNBIND_NS,1
45.7956338889,6,SLIDE_RIGHT,1
45.8001531802,11,BIND_NS,1
45.8079648227,15,SLIDE_LEFT,1
45.8080434061,59,UNBIND_NS,1
45.8083419347,91,BIND_NS,1
45.8095220133,29,SLIDE_RIGHT,1
45.8167817376,68,BIND_NS,1
45.8283638639,97,SLIDE_LEFT,1
45.8362839604,98,UNBIND_NS,1
45.8674356309,97,BIND_NS,1
45.8726411111,93,UNBIND_NS,1
45.8810476290,82,SLIDE_LEFT,1
45.8815354846,55,UNBIND_NS,1
45.8823544125,85,BIND_NS,1
45.8843805083,36,SLIDE_RIGHT,1
45.8880519041,68,SLIDE_LEFT,1
45.8898708373,83,SLIDE_RIGHT,1
45.8902379988,28,SLIDE_RIGHT,1
45.8918212175,56,BIND_NS,1
45.8924755481,34,BIND_NS,1
45.8925362688,73,SLIDE_LEFT,1
45.9042956782,74,SLIDE_RIGHT,1
45.9063683530,84,SLIDE_LEFT,1
45.9258649812,16,BIND_NS,1
45.9370847389,63,SLIDE_LEFT,1
45.9388466455,78,SLIDE_RIGHT,1
45.9403151331,85,SLIDE_RIGHT,1
45.9422978096,37,SLIDE_LEFT,1
45.9612610019,91,SLIDE_RIGHT,1
45.9624002481,2,SLIDE_LEFT,1
45.9633486075,16,SLIDE_RIGHT,1
45.9738760967,86,SLIDE_LEFT,1
45.9745930220,72,SLIDE_LEFT,1
45.9874413225,92,SLIDE_LEFT,1
46.0023314715,11,UNBIND_NS,1
46.0056398252,52,SLIDE_LEFT,1
46.0094245179,58,SLIDE_LEFT,1
46.0346580154,60,BIND_NS,1
46.0531796788,70,UNBIND_NS,1
46.0834487231,86,BIND_NS,1
46.0848493863,88,SLIDE_RIGHT,1
46.0897590549,71,UNBIND_NS,1
46.1010115670,81,SLIDE_RIGHT,1
46.1065648898,38,SLIDE_RIGHT,1
46.1225608545,29,UNBIND_NS,1
46.1470135961,21,SLIDE_LEFT,1
46.1524168940,37,BIND_NS,1
46.1569499635,99,SLIDE_LEFT,1
46.1599560606,86,UNBIND_NS,1
46.1752173707,66,SLIDE_LEFT,1
46.1836545724,83,SLIDE_RIGHT,1
46.1875437357,31,UNBIND_NS,1
46.1989469212,7,SLIDE_LEFT,1
46.2090540160,32,SLIDE_RIGHT,1
46.2145768502,5,SLIDE_LEFT,1
46.2252392233,60,SLIDE_LEFT,1
46.2265608820,51,SLIDE_LEFT,1
46.2281049646,46,BIND_NS,1
46.2291459283,84,SLIDE_LEFT,1
46.2297005502,75,SLIDE_RIGHT,1
46.2438463266,30,SLIDE_LEFT,1
46.2538754320,67,UNBIND_NS,1
46.2657432061,12,SLIDE_RIGHT,1
46.2711924265,59,SLIDE_RIGHT,1
46.2762682934,65,UNBIND_NS,1
46.2855640164,17,SLIDE_LEFT,1
46.3021379985,34,UNBIND_NS,1
46.3056016112,76,SLIDE_RIGHT,1
46.3099328998,62,SLIDE_RIGHT,1
46.3134352848,91,UNBIND_NS,1
46.3139949237,29,SLIDE_RIGHT,1
46.3291334598,5,BIND_NS,1
46.3352413402,50,UNBIND_NS,1
46.3368185840,63,SLIDE_LEFT,1
46.3407610055,84,BIND_NS,1
46.3452053380,0,BIND_NS,1
46.3459476561,93,BIND_NS,1
46.3478337831,39,SLIDE_LEFT,1
46.3534706877,62,SLIDE_LEFT,1
46.3627641389,93,SLIDE_LEFT,1
46.3681526627,89,SLIDE_RIGHT,1
46.3708670471,75,BIND_NS,1
46.3718152408,16,SLIDE_RIGHT,1
46.3762212872,46,UNBIND_NS,1
46.3864062088,80,BIND_NS,1
46.3915152376,33,SLIDE_LEFT,1
46.3939994221,97,UNBIND_NS,1
46.3965617426,85,SLIDE_RIGHT,1
46.4089473443,84,SLIDE_RIGHT,1
46.4270513269,35,UNBIND_NS,1
46.4306561839,3,BIND_NS,1
46.4316185903,32,SLIDE_RIGHT,1
46.4327235615,64,SLIDE_RIGHT,1
46.4421045276,36,SLIDE_LEFT,1
46.4438359938,75,SLIDE_LEFT,1
46.4493190397,77,SLIDE_RIGHT,1
46.4596069955,55,BIND_NS,1
46.4664830349,50,BIND_NS,1
46.4805284432,91,BIND_NS,1
46.4820400729,61,SLIDE_RIGHT,1
46.4822808329,98,UNBIND_NS,1
46.4845815922,30,SLIDE_LEFT,1
46.4891022995,60,SLIDE_RIGHT,1
46.5076415871,57,SLIDE_RIGHT,1
46.5121351258,65,SLIDE_LEFT,1
46.5134387872,11,BIND_NS,1
46.5231611532,20,SLIDE_LEFT,1
46.5263089971,33,SLIDE_RIGHT,1
46.5395495594,58,SLIDE_LEFT,1
46.5426743028,70,BIND_NS,1
46.5553041597,32,BIND_NS,1
46.5576696764,38,UNBIND_NS,1
46.5635312002,35,SLIDE_RIGHT,1
46.5690949063,29,SLIDE_RIGHT,1
46.5721736684,64,SLIDE_LEFT,1
46.5972702603,49,BIND_NS,1
46.6023047847,56,UNBIND_NS,1
46.6084764685,3,SLIDE_LEFT,1
46.6087004429,55,UNBIND_NS,1
46.6107402953,19,UNBIND_NS,1
46.6283007476,53,BIND_NS,1
46.6340605518,6,SLIDE_RIGHT,1
46.6342573424,30,SLIDE_LEFT,1
46.6400903400,74,SLIDE_RIGHT,1
46.6443204974,71,BIND_NS,1
46.6463375670,78,SLIDE_LEFT,1
46.6476119839,14,UNBIND_NS,1
46.6481933468,37,SLIDE_RIGHT,1
46.6540968343,36,SLIDE_RIGHT,1
46.6582966141,0,UNBIND_NS,1
46.6584502235,2,SLIDE_RIGHT,1
46.6694999799,26,UNBIND_NS,1
46.6695553469,90,UNBIND_NS,1
46.6713000790,25,BIND_NS,1
46.6763470825,32,SLIDE_LEFT,1
46.6835245775,80,UNBIND_NS,1
46.6845113791,2,BIND_NS,1
46.6868489794,15,BIND_NS,1
46.6919269830,91,UNBIND_NS,1
46.6984555606,75,SLIDE_LEFT,1
46.7021775977,17,SLIDE_LEFT,1
46.7174083017,11,SLIDE_RIGHT,1
46.7214572513,18,SLIDE_LEFT,1
46.7236722747,25,UNBIND_NS,1
46.7282653231,43,BIND_NS,1
46.7436971643,73,BIND_NS,1
46.7445955976,92,UNBIND_NS,1
46.7963011566,44,BIND_NS,1
46.8033904121,17,SLIDE_RIGHT,1
46.8082393116,29,UNBIND_NS,1
46.8121789408,26,BIND_NS,1
46.8211815100,45,SLIDE_RIGHT,1
46.8282499429,17,BIND_NS,1
46.8342034737,90,BIND_NS,1
46.8358558406,96,SLIDE_LEFT,1
46.8365278843,50,UNBIND_NS,1
46.8398676333,95,UNBIND_NS,1
46.8410391012,49,SLIDE_LEFT,1
46.8428550008,31,SLIDE_LEFT,1
46.8478175960,80,BIND_NS,1
46.8575387275,95,BIND_NS,1
46.8718296287,82,SLIDE_LEFT,1
46.8879301806,34,UNBIND_NS,1
46.8900776362,99,BIND_NS,1
46.8950894634,79,SLIDE_LEFT,1
46.8955189490,63,SLIDE_RIGHT,1
46.8958692083,80,UNBIND_NS,1
46.9278094821,46,SLIDE_RIGHT,1
46.9282979707,28,BIND_NS,1
46.9361804831,86,SLIDE_RIGHT,1
46.9449713126,5,UNBIND_NS,1
46.9487397693,73,SLIDE_LEFT,1
46.9500569388,85,UNBIND_NS,1
46.9541544425,83,SLIDE_RIGHT,1
46.9614349892,18,UNBIND_NS,1
46.9637527778,48,SLIDE_RIGHT,1
46.9694699312,84,SLIDE_RIGHT,1
46.9718030645,87,SLIDE_LEFT,1
46.9723589971,49,SLIDE_LEFT,1
46.9845018989,38,SLIDE_RIGHT,1
46.9984642729,30,SLIDE_RIGHT,1
47.0036654248,74,SLIDE_LEFT,1
47.0091057305,7,SLIDE_RIGHT,1
47.0201655771,31,SLIDE_LEFT,1
47.0527398343,8,SLIDE_LEFT,1
47.0589362128,62,SLIDE_RIGHT,1
47.0603784063,37,SLIDE_RIGHT,1
47.0686072772,81,SLIDE_LEFT,1
47.0699636944,17,SLIDE_RIGHT,1
47.0721432536,47,SLIDE_LEFT,1
47.0738579400,39,SLIDE_RIGHT,1
47.0867928709,43,SLIDE_LEFT,1
47.0966815423,7,SLIDE_RIGHT,1
47.0974515508,18,SLIDE_LEFT,1
47.1108587290,70,SLIDE_LEFT,1
47.1141040272,72,UNBIND_NS,1
47.1430907255,71,SLIDE_LEFT,1
47.1441127896,64,UNBIND_NS,1
47.1441500772,73,SLIDE_RIGHT,1
47.1600783433,8,SLIDE_LEFT,1
47.1617265564,63,SLIDE_LEFT,1
47.1645746537,57,SLIDE_RIGHT,1
47.1677789240,46,UNBIND_NS,1
47.1737957460,62,UNBIND_NS,1
47.1762439623,95,SLIDE_LEFT,1
47.1875785755,16,UNBIND_NS,1
47.1898050482,38,SLIDE_RIGHT,1
47.2007408588,43,BIND_NS,1
47.2051806453,26,SLIDE_LEFT,1
47.2182396708,94,SLIDE_LEFT,1
47.2312872001,25,SLIDE_RIGHT,1
47.2355565058,7,SLIDE_LEFT,1
47.2464871270,15,SLIDE_RIGHT,1
47.2507774944,74,SLIDE_LEFT,1
47.2538578463,58,SLIDE_RIGHT,1
47.2636288123,73,SLIDE_RIGHT,1
47.2646811002,85,UNBIND_NS,1
47.2750619689,91,BIND_NS,1
47.2869197759,26,SLIDE_LEFT,1
47.2895670669,36,BIND_NS,1
47.2921205908,30,SLIDE_RIGHT,1
47.2994905532,42,SLIDE_LEFT,1
47.3037687550,38,BIND_NS,1
47.3111357642,85,BIND_NS,1
47.3178961273,70,UNBIND_NS,1
47.3228571625,31,UNBIND_NS,1
47.3263476089,25,SLIDE_LEFT,1
47.3283440499,75,BIND_NS,1
47.3490846083,36,SLIDE_RIGHT,1
47.3537242700,16,SLIDE_LEFT,1
47.3543954501,99,SLIDE_LEFT,1
47.3567051263,10,BIND_NS,1
47.3580122559,16,BIND_NS,1
47.3655696570,1,SLIDE_LEFT,1
47.3766099927,0,SLIDE_RIGHT,1
47.3799815522,61,SLIDE_RIGHT,1
47.3860581300,24,SLIDE_RIGHT,1
47.3959138861,77,SLIDE_LEFT,1
47.3964749348,67,BIND_NS,1
47.4001813676,67,SLIDE_RIGHT,1
47.4090370621,46,BIND_NS,1
47.4201794028,54,UNBIND_NS,1
47.4316108057,44,UNBIND_NS,1
47.4498601240,43,SLIDE_RIGHT,1
47.4586393115,62,SLIDE_RIGHT,1
47.4662765110,48,SLIDE_LEFT,1
47.4730592411,91,UNBIND_NS,1
47.4735395745,11,BIND_NS,1
47.4772127124,85,SLIDE_LEFT,1
47.4877722272,64,BIND_NS,1
47.5004261514,49,BIND_NS,1
47.5039822411,90,SLIDE_LEFT,1
47.5048116566,98,SLIDE_RIGHT,1
47.5159617264,44,UNBIND_NS,1
47.5168024913,12,UNBIND_NS,1
47.5185145762,76,SLIDE_RIGHT,1
47.5284021692,59,UNBIND_NS,1
47.5333618606,75,UNBIND_NS,1
47.5403328584,93,SLIDE_LEFT,1
47.5436445279,53,SLIDE_RIGHT,1
47.5542802607,90,BIND_NS,1
47.5625484457,64,SLIDE_RIGHT,1
47.5706698598,68,SLIDE_LEFT,1
47.5838328620,28,SLIDE_LEFT,1
47.6028020726,69,SLIDE_RIGHT,1
47.6098183114,15,SLIDE_LEFT,1
47.6104749018,78,SLIDE_RIGHT,1
47.6128518537,13,UNBIND_NS,1
47.6240281767,6,SLIDE_LEFT,1
47.6259079184,87,BIND_NS,1
47.6398162970,79,UNBIND_NS,1
47.6459661274,10,SLIDE_LEFT,1
47.6506476397,11,SLIDE_RIGHT,1
47.6610757679,74,SLIDE_RIGHT,1
47.6625308587,50,BIND_NS,1
47.6690122544,50,SLIDE_RIGHT,1
47.6780405395,12,SLIDE_RIGHT,1
47.6824184381,59,BIND_NS,1
47.6862776840,25,SLIDE_LEFT,1
47.6879667537,35,BIND_NS,1
47.7070825267,44,BIND_NS,1
47.7083607471,35,SLIDE_RIGHT,1
47.7102014520,16,SLIDE_LEFT,1
47.7139144348,54,UNBIND_NS,1
47.7152850986,41,SLIDE_RIGHT,1
47.7227632940,84,SLIDE_RIGHT,1
47.7228437730,36,SLIDE_LEFT,1
47.7406022631,77,UNBIND_NS,1
47.7504237969,63,SLIDE_RIGHT,1
47.7513163092,46,UNBIND_NS,1
47.7663107293,85,SLIDE_LEFT,1
47.7771899399,90,SLIDE_RIGHT,1
47.7962783157,65,UNBIND_NS,1
47.8012623672,17,SLIDE_RIGHT,1
47.8110382065,70,SLIDE_RIGHT,1
47.8257341078,4,UNBIND_NS,1
47.8337059119,9,SLIDE_RIGHT,1
47.8396489458,28,BIND_NS,1
47.8476504704,15,SLIDE_RIGHT,1
47.8699239793,75,SLIDE_LEFT,1
47.8736005777,5,SLIDE_RIGHT,1
47.8746739949,24,UNBIND_NS,1
47.8767137447,91,SLIDE_LEFT,1
47.8803162629,10,SLIDE_LEFT,1
47.8823117692,40,SLIDE_RIGHT,1
47.9001878644,67,SLIDE_RIGHT,1
47.9160673440,86,UNBIND_NS,1
47.9198595807,28,SLIDE_RIGHT,1
47.9210897422,83,BIND_NS,1
47.9267278457,73,BIND_NS,1
47.9272285241,29,UNBIND_NS,1
47.9313476610,59,SLIDE_LEFT,1
47.9335668611,1,SLIDE_LEFT,1
47.9419524816,13,SLIDE_LEFT,1
47.9491801672,39,SLIDE_RIGHT,1
47.9576057302,51,SLIDE_RIGHT,1
47.9657878080,74,SLIDE_RIGHT,1
47.9666136178,16,SLIDE_LEFT,1
47.9756778444,75,SLIDE_LEFT,1
47.9828466077,47,SLIDE_LEFT,1
48.0103637148,52,SLIDE_RIGHT,1
48.0107642089,74,UNBIND_NS,1
48.0119863813,49,SLIDE_RIGHT,1
48.0147285163,2,SLIDE_LEFT,1
48.0172536162,9,SLIDE_RIGHT,1
48.0213905335,1,UNBIND_NS,1
48.0284484436,24,BIND_NS,1
48.0295091766,3,SLIDE_RIGHT,1
48.0383488194,84,SLIDE_RIGHT,1
48.0431974704,86,BIND_NS,1
48.0447308508,92,SLIDE_RIGHT,1
48.0525741321,46,SLIDE_LEFT,1
48.0560191788,10,SLIDE_LEFT,1
48.0602378215,12,SLIDE_RIGHT,1
48.0654132885,0,UNBIND_NS,1
48.0733392907,40,UNBIND_NS,1
48.0744189450,99,SLIDE_LEFT,1
48.0869172572,93,SLIDE_RIGHT,1
48.0978986277,29,BIND_NS,1
48.0982311629,41,SLIDE_LEFT,1
48.1091676873,87,SLIDE_RIGHT,1
48.1092599440,54,BIND_NS,1
48.1163643064,80,SLIDE_LEFT,1
48.1165427829,44,SLIDE_LEFT,1
48.1201634190,26,BIND_NS,1
48.1232210939,71,SLIDE_LEFT,1
48.1234180238,89,UNBIND_NS,1
48.1319852093,98,UNBIND_NS,1
48.1358436182,4,SLIDE_LEFT,1
48.1440208958,83,SLIDE_RIGHT,1
48.1449319440,50,SLIDE_RIGHT,1
48.1456117832,9,SLIDE_RIGHT,1
48.1531597006,64,SLIDE_LEFT,1
48.1611916284,68,UNBIND_NS,1
48.1612078889,18,UNBIND_NS,1
48.1624865219,85,UNBIND_NS,1
48.1643880085,10,SLIDE_RIGHT,1
48.1723637721,43,SLIDE_RIGHT,1
48.1739501326,88,SLIDE_RIGHT,1
48.1768032241,14,UNBIND_NS,1
48.1788855809,63,SLIDE_RIGHT,1
48.1805795232,79,SLIDE_RIGHT,1
48.1827447717,48,BIND_NS,1
48.1855009529,80,SLIDE_RIGHT,1
48.1921766169,95,BIND_NS,1
48.1986436642,10,BIND_NS,1
48.2002582100,72,BIND_NS,1
48.2013283710,25,BIND_NS,1
48.2069789309,6,SLIDE_LEFT,1
48.2130470387,51,SLIDE_RIGHT,1
48.2149835767,13,SLIDE_RIGHT,1
48.2218114437,64,SLIDE_LEFT,1
48.2232928702,11,SLIDE_RIGHT,1
48.2266334542,54,UNBIND_NS,1
48.2347569102,70,SLIDE_LEFT,1
48.2361308466,38,UNBIND_NS,1
48.2420050482,58,SLIDE_LEFT,1
48.2428169636,10,SLIDE_RIGHT,1
48.2453606966,24,SLIDE_LEFT,1
48.2517005789,94,UNBIND_NS,1
48.2532678079,37,SLIDE_RIGHT,1
48.2649664139,63,SLIDE_RIGHT,1
48.2725099956,35,SLIDE_LEFT,1
48.2729642203,1,BIND_NS,1
48.2738785831,89,SLIDE_LEFT,1
48.2927018900,64,SLIDE_RIGHT,1
48.3048791648,5,SLIDE_LEFT,1
48.3057157134,69,SLIDE_LEFT,1
48.3059349914,12,SLIDE_RIGHT,1
48.3151558942,88,UNBIND_NS,1
48.3177858169,90,SLIDE_RIGHT,1
48.3203920235,63,BIND_NS,1
48.3232222792,73,SLIDE_RIGHT,1
48.3252882376,84,SLIDE_LEFT,1
48.3344813160,42,UNBIND_NS,1
48.3344925916,1,SLIDE_LEFT,1
48.3352406992,10,BIND_NS,1
48.3385328229,40,SLIDE_LEFT,1
48.3440808462,55,BIND_NS,1
48.3441406669,15,SLIDE_RIGHT,1
48.3501105490,16,SLIDE_LEFT,1
48.3505462305,12,BIND_NS,1
48.3746562974,23,SLIDE_RIGHT,1
48.3746673263,70,BIND_NS,1
48.3819432931,65,SLIDE_RIGHT,1
48.3823956312,44,SLIDE_LEFT,1
48.3847004611,48,UNBIND_NS,1
48.3879783641,57,SLIDE_RIGHT,1
48.3975024504,95,SLIDE_RIGHT,1
48.4007455422,58,SLIDE_LEFT,1
48.4117450526,24,SLIDE_LEFT,1
48.4164777378,72,SLIDE_RIGHT,1
48.4262207169,81,SLIDE_LEFT,1
48.4263685726,34,SLIDE_RIGHT,1
48.4295484572,35,SLIDE_RIGHT,1
48.4320483124,96,SLIDE_LEFT,1
48.4345956919,95,UNBIND_NS,1
48.4359228987,35,BIND_NS,1
48.4382053695,45,SLIDE_RIGHT,1
48.4527709355,29,SLIDE_LEFT,1
48.4533447322,15,UNBIND_NS,1
48.4598231631,70,SLIDE_RIGHT,1
48.4605042679,66,SLIDE_LEFT,1
48.4675932998,23,UNBIND_NS,1
48.4879347505,78,BIND_NS,1
48.4961395892,43,SLIDE_LEFT,1
48.5081624888,68,SLIDE_RIGHT,1
48.5117295504,52,SLIDE_LEFT,1
48.5132839440,57,SLIDE_LEFT,1
48.5153870501,74,UNBIND_NS,1
48.5179936436,80,SLIDE_LEFT,1
48.5280503894,73,SLIDE_RIGHT,1
48.5450915299,28,SLIDE_RIGHT,1
48.5459701563,31,BIND_NS,1
48.5499284495,0,SLIDE_RIGHT,1
48.5609333456,74,SLIDE_RIGHT,1
48.5648615386,4,SLIDE_RIGHT,1
48.5731315633,19,BIND_NS,1
48.5956677751,31,SLIDE_LEFT,1
48.5974141923,31,BIND_NS,1
48.6008135689,10,SLIDE_LEFT,1
48.6018386323,69,SLIDE_RIGHT,1
48.6027719556,91,SLIDE_LEFT,1
48.6059316399,40,BIND_NS,1
48.6073469311,40,SLIDE_RIGHT,1
48.6160059095,70,SLIDE_LEFT,1
48.6338266295,29,UNBIND_NS,1
48.6365475046,9,UNBIND_NS,1
48.6370831622,75,SLIDE_LEFT,1
48.6420004854,39,SLIDE_RIGHT,1
48.6432147521,69,SLIDE_LEFT,1
48.6455095883,38,SLIDE_LEFT,1
48.6545869558,35,UNBIND_NS,1
48.6576739115,46,SLIDE_LEFT,1
48.6582586746,17,BIND_NS,1
48.6595614016,68,SLIDE_RIGHT,1
48.6676444431,55,SLIDE_LEFT,1
48.6715979812,5,SLIDE_RIGHT,1
48.6827581194,11,SLIDE_LEFT,1
48.6894103498,57,BIND_NS,1
48.7049770546,31,SLIDE_RIGHT,1
48.7201610682,63,SLIDE_RIGHT,1
48.7232740413,6,SLIDE_RIGHT,1
48.7275297501,74,SLIDE_RIGHT,1
48.7318790929,30,SLIDE_LEFT,1
48.7368766438,29,UNBIND_NS,1
48.7411683728,97,BIND_NS,1
48.7452231929,25,SLIDE_LEFT,1
48.7477837700,95,BIND_NS,1
48.7559095104,28,BIND_NS,1
48.7594642439,19,SLIDE_LEFT,1
48.7679522738,29,BIND_NS,1
48.7716654536,71,SLIDE_RIGHT,1
48.7727413830,28,UNBIND_NS,1
48.7798908572,38,BIND_NS,1
48.7831446736,41,UNBIND_NS,1
48.7879666686,51,SLIDE_RIGHT,1
48.7881257780,45,SLIDE_RIGHT,1
48.7916546512,10,UNBIND_NS,1
48.7917457722,97,SLIDE_RIGHT,1
48.7950523643,79,SLIDE_RIGHT,1
48.8034916716,62,BIND_NS,1
48.8069123702,86,SLIDE_LEFT,1
48.8154232223,3,UNBIND_NS,1
48.8335940844,98,SLIDE_RIGHT,1
48.8344297367,72,SLIDE_LEFT,1
48.8376269545,24,SLIDE_RIGHT,1
48.8387859046,78,SLIDE_RIGHT,1
48.8439383594,79,UNBIND_NS,1
48.8471033774,80,SLIDE_RIGHT,1
48.8709766948,30,BIND_NS,1
48.8723818177,27,SLIDE_RIGHT,1
48.8833119258,71,SLIDE_RIGHT,1
48.8840442593,51,BIND_NS,1
48.8872784838,18,UNBIND_NS,1
48.8934356056,90,SLIDE_RIGHT,1
48.9036707345,7,SLIDE_RIGHT,1
48.9100842586,46,SLIDE_RIGHT,1
48.9156558160,95,SLIDE_LEFT,1
48.9249270401,64,SLIDE_LEFT,1
48.9358379000,65,SLIDE_RIGHT,1
48.9363895555,83,SLIDE_RIGHT,1
48.9364215131,72,SLIDE_RIGHT,1
48.9388853933,69,UNBIND_NS,1
48.9451400402,73,SLIDE_LEFT,1
48.9553711879,51,SLIDE_LEFT,1
48.9757809956,62,UNBIND_NS,1
48.9765105211,42,SLIDE_RIGHT,1
48.9821848679,85,SLIDE_RIGHT,1
48.9833592346,75,SLIDE_LEFT,1
48.9890794470,44,BIND_NS,1
48.9952784541,1,SLIDE_RIGHT,1
49.0034386097,84,SLIDE_LEFT,1
49.0270627856,69,BIND_NS,1
49.0281636273,2,SLIDE_LEFT,1
49.0291629833,36,SLIDE_LEFT,1
49.0321344490,66,SLIDE_RIGHT,1
49.0395364469,72,SLIDE_RIGHT,1
49.0478994281,69,SLIDE_RIGHT,1
49.0702457687,63,SLIDE_RIGHT,1
49.0716630688,17,SLIDE_LEFT,1
49.0718847502,83,SLIDE_LEFT,1
49.0759532075,45,BIND_NS,1
49.0897076170,43,SLIDE_LEFT,1
49.1103502698,40,SLIDE_RIGHT,1
49.1132182532,91,SLIDE_LEFT,1
49.1167759783,86,SLIDE_LEFT,1
49.1286739650,33,BIND_NS,1
49.1381773911,42,UNBIND_NS,1
49.1389585908,90,SLIDE_LEFT,1
49.1612466594,99,SLIDE_LEFT,1
49.1669041511,52,SLIDE_LEFT,1
49.1820353869,74,UNBIND_NS,1
49.1878128988,8,SLIDE_RIGHT,1
49.2486691874,45,UNBIND_NS,1
49.2489410984,84,BIND_NS,1
49.2589862525,26,SLIDE_RIGHT,1
49.2593475977,56,SLIDE_LEFT,1
49.2604451687,81,SLIDE_LEFT,1
49.2636936665,70,SLIDE_LEFT,1
49.2677290417,15,BIND_NS,1
49.2769738904,99,BIND_NS,1
49.2918970022,44,SLIDE_RIGHT,1
49.2988030247,7,BIND_NS,1
49.3059814504,1,SLIDE_LEFT,1
49.3063311626,2,BIND_NS,1
49.3099767322,38,UNBIND_NS,1
49.3107556422,81,BIND_NS,1
49.3122113732,39,BIND_NS,1
49.3126678405,98,SLIDE_LEFT,1
49.3321984021,46,BIND_NS,1
49.3355530584,85,UNBIND_NS,1
49.3366795123,94,SLIDE_LEFT,1
49.3506709045,27,SLIDE_LEFT,1
49.3541858186,41,UNBIND_NS,1
49.3552119645,67,SLIDE_RIGHT,1
49.3624273098,38,BIND_NS,1
49.3660186145,69,SLIDE_RIGHT,1
49.3735494513,57,SLIDE_RIGHT,1
49.3884226272,50,SLIDE_LEFT,1
49.3892892764,61,BIND_NS,1
49.3938877235,61,SLIDE_LEFT,1
49.3944668241,49,UNBIND_NS,1
49.4113657620,80,UNBIND_NS,1
49.4250958000,51,SLIDE_LEFT,1
49.4311797728,2,SLIDE_RIGHT,1
49.4349160019,9,UNBIND_NS,1
49.4351258344,84,SLIDE_RIGHT,1
49.4352357964,19,BIND_NS,1
49.4429558572,60,SLIDE_RIGHT,1
49.4505150730,63,BIND_NS,1
49.4542137320,19,SLIDE_LEFT,1
49.4615919806,58,UNBIND_NS,1
49.4751366966,55,UNBIND_NS,1
49.4828196598,89,SLIDE_LEFT,1
49.4952226164,68,SLIDE_RIGHT,1
49.5223027876,32,SLIDE_LEFT,1
49.5252882739,37,SLIDE_LEFT,1
49.5309896992,82,SLIDE_RIGHT,1
49.5546789032,48,BIND_NS,1
49.5587621426,48,UNBIND_NS,1
49.5681664284,73,SLIDE_RIGHT,1
49.5786196414,46,UNBIND_NS,1
49.5841455402,18,SLIDE_RIGHT,1
49.5869898789,26,UNBIND_NS,1
49.5916883991,31,SLIDE_RIGHT,1
49.5957568100,81,UNBIND_NS,1
49.6036718652,27,BIND_NS,1
49.6060443218,74,SLIDE_RIGHT,1
49.6100280287,75,SLIDE_RIGHT,1
49.6124558550,7,SLIDE_LEFT,1
49.6126975733,3,SLIDE_RIGHT,1
49.6132097957,88,SLIDE_LEFT,1
49.6178723393,30,UNBIND_NS,1
49.6220224928,18,BIND_NS,1
49.6238496340,50,UNBIND_NS,1
49.6294442438,22,BIND_NS,1
49.6430705161,36,SLIDE_RIGHT,1
49.6481643607,93,SLIDE_RIGHT,1
49.6544231360,76,SLIDE_LEFT,1
49.6689906235,47,SLIDE_LEFT,1
49.6690862527,57,BIND_NS,1
49.6710782279,87,SLIDE_LEFT,1
49.6800584870,5,BIND_NS,1
49.6821242682,61,SLIDE_LEFT,1
49.6823844567,37,SLIDE_LEFT,1
49.6872680701,75,SLIDE_RIGHT,1
49.6986254996,51,BIND_NS,1
49.7008226847,94,SLIDE_RIGHT,1
49.7020893240,57,SLIDE_LEFT,1
49.7128676545,25,SLIDE_RIGHT,1
49.7244599602,60,SLIDE_LEFT,1
49.7309520218,59,SLIDE_LEFT,1
49.7417176956,46,SLIDE_RIGHT,1
49.7501044779,42,BIND_NS,1
49.7513704628,32,SLIDE_LEFT,1
49.7604868755,6,UNBIND_NS,1
49.7653515363,95,SLIDE_LEFT,1
49.7721787206,72,BIND_NS,1
49.7822973805,70,SLIDE_RIGHT,1
49.7921102115,63,UNBIND_NS,1
49.7961971000,69,SLIDE_RIGHT,1
49.8070849390,33,UNBIND_NS,1
49.8124395045,38,UNBIND_NS,1
49.8143612904,51,SLIDE_RIGHT,1
49.8167606013,29,UNBIND_NS,1
49.8230068049,35,SLIDE_LEFT,1
49.8231389595,4,SLIDE_LEFT,1
49.8233268410,28,SLIDE_RIGHT,1
49.8259029743,71,UNBIND_NS,1
49.8314907012,71,BIND_NS,1
49.8510798256,45,SLIDE_LEFT,1
49.8594907737,45,BIND_NS,1
49.8646057686,53,UNBIND_NS,1
49.8690129308,29,UNBIND_NS,1
49.8723906117,86,SLIDE_RIGHT,1
49.8780198813,72,UNBIND_NS,1
49.8914198515,22,SLIDE_RIGHT,1
49.8950698845,56,SLIDE_LEFT,1
49.8956837806,5,SLIDE_LEFT,1
49.8999628063,94,SLIDE_RIGHT,1
49.9085475327,18,UNBIND_NS,1
49.9266194021,58,SLIDE_LEFT,1
49.9296546776,19,SLIDE_RIGHT,1
49.9374850349,27,UNBIND_NS,1
49.9765320518,83,SLIDE_RIGHT,1
49.9786575243,14,UNBIND_NS,1
49.9885810699,55,SLIDE_RIGHT,1
49.9945586094,23,UNBIND_NS,1
